id_partido,siglas,nombre,imagen,candidato_presidente,candidato_vicepresidente,posicion_politica,propuestas
1,AZUL,Partido Azul,"data:image/png;base64,iVBORw0KGgoAAAANSUhEUgAAALwAAAC0CAMAAAAZxLb0AAAAxlBMVEX///8eIqogJKolKaz8/P3w8PmqrN/Ozuz4+PxKTbrr6/c2ObJvccjHx+kqLq76+v3c3PHU1e4pLa319ftAQ7acntkxNbGJi9JkZ8Ti4/M4O7NAQ7e2t+JPUrxFSLhTVr7x8fHAweeytOFcX8CVl9bf4PLp6vF+gM3MzeGIisxHSq9ZXLKhosvCwt6ytNZxc8eQk82LjdKsrdF/gcu4udRpa8adn8+Iir6UlcJxc8lZW7jExNvj4+bV1d2anNh7fcNhZK/ExNBZUwSBAAAKtElEQVR4nO2dC3faNhTHZTCEECAQHnlAQghJunVtsyxLt25dt33/LzXr4Zd0Jd8ryzg7p//TU4ixpJ+FLF1dXQvGvuu73oB++PH9JDJ18tNy2DaaS48fVgB1WfuPcduYpk5fK7lzfWybtqiP1TWu6/i0bWihT10yueJ/bJn80Zdc6qnFG+C+FrnUoB30bQB0rp8PTh6vA6FzvRwWHRqG6uiAtX8VGJ3r7jDoPwaBPTOOHKDnfCyXOBYHz/nb5DVSr4kuon2aJOqxfnr4WZzyRbzvafRXTXecJ1qBR+z0ciCYTpJP+xL+8jIZPxeLwSB5GQwGKfxwmPwdJ2ecMzafDdOLLehTk+iPemkJ/DSKdhyDsVdJw1iH/7dL3h7LIwo+ebcS3xJjL8n7CWPHenbd5thvDHYJ/yrhk3+THP4OghfXeaGqPGYzM8NfmkHXm2gO/5DQjBKSAdsI+JPVN3kdJvxN8rJR8EOz3USy+QXXBmJP4Bm/zSai1m8EjTg7FkaPCX+VvBwp6B0IH0XhDc4FWA4HYeI2Zmy9XjO24u+2T4xdw/D7Qs3P2RDONHSf34GLkc0m0bM6bybb/LnkM+GHSXfzmvWpNstu72Qham4pJIePk65xsdjKO1fcsHsIfqm+pTv53pptJxz7pbWQDD6rTAU/FwfK8EK75O++ej+y5xvZWKj64ChDwd+rC+wlrwK4K/6/SdtKCr+TFt2Wv4/dJlKY4TaMLUPXPAD7eUvsIejftcZef4r40iJ73br/3Cp7vcH2iFwakx38WqaPuaXCDw/ZOOtOSfLvc0wLGAM/iITpGwbeu7+P6UW9sFmGeMbt9drwZ57wHkUNWNJMVQfFuN1VG14OaGT5ePISvqVoN8IZE4WA95ob+nTwfW71Z2bORRh4jw7TYYzZFbPVZBILS7cnTdEQ8PSb1qeQbp5YmWT8fuMvc24Ee8OviOxerus+m44S8dTKDcKJu+L/6xrwxGbf9ypDOQKT5E/ZV9BLpjI9lk9u/S6AMlZ59PCRmP6I13vhwklJxSx3GtWDp8ys6q13NKElmv3XtlEBoeHbBoWE7XEMD+KbEM4DPmgb0yIUvM2/RNGOMZs7zFsfEOxfA5SjuuVQ64VKCPj6hZxnebkqv2su7FToyUEtNa1BLVWa89tuft6u2IDYQhuv+AstP8irv83m1bTRsKrqH2qyAwFBF+UzuuPCZ0Q7pAK+XlezBvMsEr5qn+kLdG59drLf1mKfwplmXvizS+MzovnqhK+ztj0Bc7zMVvqfoY+J8D+44Guwb6D8slvoqhektlxLnb95o3eg6UKcdib2RSZqOY5ZiTf7PZSb6uMXjgLJEwf7apV96cnUWvTVMpQA9Icu5UeuWJrYY9Jjzew9Po+shXfhDFVjh/tOhQ4sqFfr1pYdPotRlmYNwcfKbnG5i9SKy/WQzSmxarZJCaGTzxMtAHhVpTMHuoo6uFJ/PvkUXdI1OoNFnojXWnlwUvV4zuzqyYG8m9tweHrLjAp/9fdaqgKochO6GjtT41ZpvEWXbelv8PDFwVK23ZGsRDVgdpy+UXlOv3wQP9SCeRJum1JYidnaTBPGgDfqD29fgnlSOt1SQs2MBm2YombRChi30GX3zbS04VVbrpgVLOkqdIvAUCRQUGdJGV6BvqS3eXnX5wsSeMdcSYT4eyD17yT4qAuaiR04b4QIRQOp6QH8OzOTc194iivha41L/9L/kr7VJ3Vi4PRAj0mzz2NveGlAZkHck3LrWXrBU52j5sVT0z2nh44KuUw84OmrMEYWd6hkJYfSNP2yv6RHeI+vO24qlHaRXcIwY2Tyh0+yQWqSX82zOiSFOsTS9dERjQ/tQDOMD9TtPjaLzwKhJrJocEJok1qozhoe0ovzp54PKhX4gNy0WGGURqPcoqPCIRz8317wlunFIHNgHMEngJKNvFtqZrib90rPCpXKvjD0SkVXdr9mgJL7PAK8oxvkwxMl+l18WeYN4oWBnL861uR4x0PoaXrAt+9b89jFHKDAQrkWT6slAXAMjnOvgv8LCZ/0J7YpXuQblVTOwwMeeclSe7B5RK7vBSesG0pLtqTAR8WVmSK850RECf/cm5bwuTqFrn2Zn3c3teJnXQHpbnhcuLNwNu3yCtrnBnEMZErRmFJvPvCZaTPLTcBjef+KNX//VnNKWwvzgC/ZLYVI3ev7J3Ex/k9oWZ6mwcJ/oycpth/wc6yUt4v7Y2Kcv1TLAGMRAeWOc0v62hNdGTnpEIHy2+kUfvAstcGJ86dc8uoLtiVmYqHlgTEPLMX7+2pYWu9FUxvjOtMywRhmFruAd5Le23jwxNqylUc1IpLY4gMj9yJIBb3hl20G3rLGzZOSzMkKNQSf3JcPZmHcLgj4ICUi4MdoAjh4qe2ycA2nUFXUEKYK9TQe67nrXY/FwhytZ02WhAlGMJ5Wpo7QRVnuBR/tMeUZC4Iom3iTdMx3F/qXRA1vdwhn3BpzIcyTCoXT58utsmw6gJveVziHKXCHVacxVrL4rC1gc0dHFvrAw2nCsWNDYIFm6gM/CgmPXtEDYqouKhN9M9LsA8LjV5EB3wXijjXSRP6Pv0F5IeWZ+l05BTeGAZe9l+QkdnR0Oa7q6sHZJv7Sq6rBlz2tCPe0bgSl93pgIRB7V8vLtSgMuus8AufruvdKrKUjjjsQzqKStc/mveHw8uFhejQeb+6CGfFbqEJtxpbFkKpw/AQ0YcoSy2rmHNMy3loetXN7ikNOlkp6htmZpfJt2bRR7dJ1YqkZyJNgy8c+IfGfYFdI2sBgELWQEYbzq+1Mm+fJ1xlWpVP1OI9rFVFfFrefCbM3tC/moJpHqOS3dzhzoQmkEVMTRru0RqtbZNHcdDxkd2qyh9ioxVS6hcgK52rLva+us3T0d66TfZXFihDuJdWXGFEHRWm3bCOb6aXthRQfwnaI26OIDkZf1lQ2xabEKQjxtcIb9yn5fjZQ1GldpRtB2B5/cWu2qUJK2UNNMnIN0lAg72Gjsjr/EfkHm9xlmqdNvcb2cNVtgRcQ3BrI5kbkpk7Tn53a4Q+6sqb+NvawJiizAiq6ikqhOpCgvcyg+iG1t6rcDdA2CVVx6Qkcu8keutgQeRiLwe6nYN6QpvCkLOgmmjbVrHpX2FQTBlM4xVVPf3QqnkSCdBscExLuKdFFdUa1ILxSDdELop2Qy0GGfOhJ+3I6nx6sz0IVdUd9rKXjwU5OQkSPagS6VItGT9/aMmpofi91SziXENFZFMIF6tvg8en8twhp3cSvtQuUe27VeEdDigA35fIn3jbNXnvnpoC7hlMVYvMtS/R3020m0KZnB5uqFOW3NSQgwGMRpt7tuYTcKK8ZdrsCokf6SsBtMEqwFkJvb1cKmgrHDuYV4me8NOVuqbBtxqCnP++OUUMNXcu2EfSoOSu5gA/8Jk4oNWUSZLk2+XMAjZAX1OTeuU3+Fhzf7KFB9KZu2FzNoTf/G3a0rS0Iai4qpqhg1lhJtwdhZ97TbYec2yGGVtiNbw++5kP5KV63wq9XI4QM1XerC2y1cxg9kvcW1nTR7s87f/bvOVeNRTsS5PH8eBSdHbR/cepfmnt72/ZvOeuKP+F+rHcPPKH3RtR/b7c5J6NWOkWqbr9unvfHi5PVanV1s329P/r6Bn80/ru+6/+n/wDGx4WqBfpkYwAAAABJRU5ErkJggg==",Isaac Farchi,Mauricio Zaldaña,Derecha,"La misión y visión del partido es ser el primer Partido político que cuente con personas honestas y sin tachas”, cortando de tajo la oferta y venta de puestos públicos y candidaturas de elección popular. Además preparar equipos para que con conocimiento y capacidad puedan resolver los problemas sociales y económicos del país, especialmente en materia de empleo, seguridad, educación y bienestar integral de las familias, generando desarrollo humano y económico sostenible basado en políticas eficientes y modernas y que nadie obtenga plazas para servir en el gobierno sin estar capacitado, todo esto a través de los valores de excelencia, diligencia y transparencia."
2,BIEN,Bienestar Nacional,https://upload.wikimedia.org/wikipedia/commons/f/f4/Bienestar_Nacional.png,Giovanni Reyes,Oscar Figueroa,Centroderecha," La propuesta de gobierno está basada en dos componentes. Uno es el combate a la corrupción y el segundo es enfrentar la problemática de la seguridad ciudadana. Luego se derivan tres ejes prioritarios, con dos o tres temas cada uno. “Uno es nutrición y alimentación. Otro eje es el empleo, la infraestructura, carreteras, banda ancha y apoyo a micro, pequeña y mediana empresa. El tercer eje es el de la educación. También fortalecer la salud y atender la migración irregular."
3,CABAL,Cabal,https://cdn.republica.gt/012023/1673630071531.jpg?cw=1201&ch=901,Edmund Mulet,Max Santa Cruz,Centroderecha,"Entre algunas de las principales promesas de campaña destacan la jubilación universal, donde cada adulto de 65 años recibirá, de manera inmediata y sin trámites, Q500.00. Otro de los ofrecimientos es la gratuidad de las medicinas, un apoyo económico a madres de familia, becas universitarias, incentivos para los agricultores, y crear un fondo de contingencia para mitigar la escalada al precio de los combustibles. Los proyectos que expone el partido van enfocados en las siguientes cuatro ramas: salud, educación, seguridad y economía. Cada proyecto deberá tener un apoyo y dirección técnica. Otra de las promesas, que recaerán en los diputados que sean electos por el partido, será reformar el Código Penal para endurecer las penas a algunos delitos. El partido pretende una reforma constitucional que, esperan, sea posible al convocar a una consulta popular. Dicha consulta busca dejar la ruta legal para que Guatemala salga del Parlamento Centroamericano (Parlacen); que la elección de diputados sea por nombre y apellido, y no por listados, y al mismo tiempo reducir a 80 el número de legisladores. Además, fijar como límite presupuestario del Legislativo, el 0.04% del presupuesto nacional. Otro tema central de su plan de trabajo es el combate la corrupción, pero para esto necesitan trabajar de manera conjunta con el Ministerio Público (MP)."
4,CAMBIO,Cambio,https://media.cdn.republica.gt/082022/1661129348628/Screenshot%202022-08-21%2018.46.51.png?cw=807,Álvaro Trujillo,Miguel Ángel Ibarra,Centroderecha,"Su plan de trabajo establece lo siguiente: a.	Trabajar con el bono 15 para reactivar la economía”, para lo que se propone bajar la carga tributaria del ISR y el IVA, con un único impuesto que permita reactivar la economía y atraer la inversión, b.	Homologar los medicamentos, para abaratar los mismos, ya que el mercado está cooptado. c.	Bajar la tasa líder del mercado, d.	Ley del adulto mayor, reducir la edad en 55 años para mujeres y 60 para hombres, e.	Crear cuatro ciudades intermedias, para descentralizar el Estado, y que los municipios aledaños a esas ciudades generen un polo de desarrollo. "
5,CREO,Compromiso Renovacion y Orden,https://upload.wikimedia.org/wikipedia/commons/4/40/PARTIDO-CREO_%282011%29.png,Francisco Arredondo,Francisco Bermúdez Amado,Centroderecha,"El plan de trabajo está basado en cuatro puntos principales que son: la lucha frontal contra la corrupción, la lucha contra el nepotismo, las mejoras en el sistema educativo y la seguridad nacional."
6,ELEFANTE,Comunidad Elefante,"data:image/png;base64,iVBORw0KGgoAAAANSUhEUgAAAOEAAADhCAMAAAAJbSJIAAAAxlBMVEX/7wAAAAD/8QD/9gD/9QD/+AD/8wD/+gDr3AD97QDw4QDj1QD25wCelACLgwBeWADe0AAuKwBNSADRxAB8dAC/swCQhwD///8+OgDo2QDz5ABkXgDMvwDbzQCxpgConQCFfQC0qQBsZQAqKAAiIACZjwAYFgB/dwBWUQB0bQA0MQATEgA7NwAmIwBGQgBoYQAdGwANDABRTABqamrm5uZRUVF5eXkTExOenp4rKysdHR1bW1vKyspAQEC1tbVKSkqMjIzc3Nz9rKd/AAAe90lEQVR4nO1dCXfqOLK2tQI2gQTMBcJOIJAFksz0TPeb5c37/3/qVZW8CPBKIEmfM3XOXcDG1ifVrpLkOP+l/1JpYjZ9d2MuSIwpIbiUktf9Rs1Qw6/TN0KoPzVWxAa4BqPJatvqP7uH9NxvbVeT0QCw/ilxIjg2CHr75SGu9/Xb+v3wq+W+FwwYwvzuRpcmRFcfrTYRhKfFbDrvtGs+XFFKwB/m+LV2Zz6dLZ6imzarUf3PgZIJ6XR6fdPsu9mkMxSaBA44USWEH1A8tRh2JrM7c3u/13Gk+NEgmdD+fE+tfX2cewygKYIipdbCrw289ng8bnuDmi+0lpKAKwDKvPnjK/1uP/f1TwXJlPQnH9jKt24w1AQOoIGmmfYWm1f3mF43i94UNA0AReblehh03/DCx8SXP5BdmVRBC9u3m3pcGnCNUTMRtEy6XaxGDYQJXcS96Q6/awVK/iyMSnozA2+ooamgR9vT/Xs+sgN630/HoE+hY/TQgJx5Un03rIiYEAHqitdmTWMbZW2yz4bynA38flKTHPpH15rI1HeB+BESybgzXUN7Fh0cAs7bvdujhr9tHlfzUXswdFDpCFQvznDQHs1Xj5u3Y5bttTmClJ0FfFpPHf7dGJmsr3BkmkOJ7fJ6D3Z7161V0K7LyFokjWWRtZD1drBqre0fPfQ87Cs5bOJor+rfKpCM13vY8YHiqEmnL1ZDX26CmkA1md9ARCpFLbg5+O0UtSlXAbJDr/594yhYE1qwG0GXA1ttrWGYBb7mFTQ+sLf2g5nFANsOPXWEWqfJxBVRZJOSc2Cj/gjZU8yTIXhqerwKuohQiL1mYl1e5gKZdQT+0fv8G/Qqk51b5E8N3FRvJpqC9On5T0U9mmiqJjCo0sirt52vFkfuo66bcAH4VnGLHsefdyuBNceP8RNXgFHwCfxv4fOLtLxkKzS+c1YHSXHi8XuaOBfiJSWdScytTRB3UUd/YqK/bBhlDQz8zpMgOZOoIa3OJaMC1Fyt6NETkGrpgcq5q8mLvSH37XKKrwUFozuRyGwHF1cFSg4i7bzsaFA52JnTr5BG0YABbPmcycZ92IJu4yovhjd0wzfcwxu4D6N617i24WA6gBcG0Kc8EsBF7Wody2RtEYkjOPTRu6/0NiIloFc/hoLJdsigH+2rvpHp9kdoh9qSiSF86Ior2kbRAMO+Ag0je2HXBlc3xUoGYTTSA9GXYJpersepsgPvAdPLB6Eu76mvcKeECvvzaQDSb9pwlRcxDZK384UxhkB974v8DGMrXGMShQ//b15DNJgA5T0DDnVCFTr9Ql9RkYVCpeoAp4L5314+NlYOGIm5ZtwzQWv/i6xvRLxmMpRvHmd6DmbDuXD/quHSdcfSIYWN/uKXO/ukZEi5aUeOwQ0YXrQFYgABew2MRCjzHX3Jp5ck3Yl0KhO1tesOLqjmhAf2yIc40Ijgnf89EanwjW28h7jRB3vsXawZAphi5yjlmzD35tsyJxEPvfhKOaBSxxeCiAA3MICNdSQH30ehHkCJUZtLQUSALWB9z0hB+ysD0VPibdMMD5RC6zIQEVkLgtCxCWSG3yOCCZFWdxEbE61LyKKqAYuCo2YAXtwKndMix0zGdcCFA0atfbJFaghKRkUj2PoZWXbRikZRgbr5nF1kztK9hUca5l98e4rdEJOLCKJz6y6dT7SKiTt37atQyWx/zIQXk9tQ3Sh/7d59grP0FvlcNX4YwAQiNA70xPZs+yWbxAk+2cHF1+XyShDTBPHZJxXRPDMKEOAHziFcIk+mdd0RrFwqRdYQvBsIpiDS6JxlMxgw5wz8ePJFP8PrJShSh4yXzrqijkAfFeIdiBcbZzSPiRd3J5kmT/D1M/qqmKL4Fvz71oSV1P7MoeqHnmZy576cMQK667o+48YPvGwsdkzKc23qaI71KRxrxvLajbYa/WTOfNftVtY2IkDuDt/dvqqrxtRRadjmZrra7m6f33Y3tTwvWBkz7SnUGEHFNqIQrkC5vJleOrPpghNllyBiuZCSMzeb5nnvNhz2ZuL/iqIo79wPEMJ7w+mVfho3XtYmN9vttvvYnHS84xJEKoUSjc50MWrnAAT+yRMQoyXuQRQ/3LtKJgNFf8jMzNLHOcYmqkBJaHnfCzxTtYAVCv446G3I0LLj2o0jls19vaaof8LZEJN/FdpXQ75WA3qFf8aENa9P08tmXvc30+m0u0mujqapN5YcRFanewYK9UatfEuBR1sw8pTZrm5MwwqUctRyiu7Y5wqJoPTUE0hUqwKfInf6YU5kVVUImfR7+U0+oPq28Jb8oTFJxp5EkzEpqRLNvUYV9ysKYVhhU5p6w+J7ZvmdLCnj31ZmXEq1Ui9gvBknBVAxghaqmd/aY1KPxfcUZCoYhT5LwUC2FqU4TnXQiEpq6rSSJVQyOK5XL6B7Xuq2/LkmTrqqKdE96ZQZEXmLEzDUMbsqPMpku18NHzSrU+6+fIdFE582cMrmtkSLxdx1ndDWexV4VDhlGO6I5kHxPf/4G/yVG1cZswZ2H/TyvFD1M/buToSivu1VGELZqVIwG1EwKrzl77//+g36Ol+fknYbKTFx3wtjTN50bznj6Au/VyhOk+UtoE3NWuEtf/nd/aPA7IMLiN275KgemwWqA32EQAhy1yp467yiCo1ooQtV0/8gkxYgpEgITJzAf+v54wLj3Sd+ruSPhr7TGaTz4gqLijwr45+C/ugXyBY2dRSWyhR0m03nDiG8bFDuvueCkTH+SZOrUcEg8hVmLmhEyhlPIlboW2bSThd7bUT3BRylKUlcx4zGKkcSsakwhKQ1Kjjqoig8yKGguHf+Tn+P8lmKkc5a0SDmJJWgqbfhEHYrSKGo6MkckJ8fAAPAX//Af4psuaQaOBjEW3eaKbRMrFGRklBVyAmgj3A+vdXHp18erLT5yy/6p2gQyQtrojpdZybeVIA2UOCdFYYQ3bzP0LNXvzv+qnvw8Z+/49/5wX40iAptY5DVGeCcN7kZkUH5IVTFfkkB9fSR8/ZxGIH9YQZxWLCugdTyXIBizwqFmYdPkZjEL9JcB/3y8VmE7ltb3xxAPvSQ/vj1L9P4goagL/0iMWWT4eSBa76QxiMtFYQYUkWaohQ96pq1pCRQo2C6egyZ969//etf8N9FQbdHTZcLCI7SbmCKLm+pI0oDdGRJg1ZAMIyJe9PA9d9C+kf3FFloYr8tDVKqSw165pWyHejglQbIjptxNq2imkf3KexgeX94R5GJNirEZ/I1XdfIFupaMt4V5mHE2Q7bCW1kqHB6oVOijB354/ffSQ6zVWTU2+Q9TNHetVK4EAejZvTMYwUmFa/uMrW9Z9Cbb0ZxHCHRNEf471+/fv0v/qdZxFo0P/Ak0b9JyUlBxLTTZiZmXEHPAM+fFxqe4oM/Q2ziQ+xXMh9772+A8J94x2NR1sgMelvpXZqgQfwxFZwW21XRM1336dP20NASVOcAU4OW04UiBcoUIOIdaax31BxazsdB1j5O1BIy6ZBx7MhCZrB+Bfr35kIIgRcewZg9f9h6kMT8X4DwP24ZFU+3v9Esxgmbgh7aSTPKFaIK9GdGl0I4RzMMdsJ+PaOM8X/MIN4WBnQmwhgrYIUT/0DuIyZ9qZDH5yA39ZJBbCH1Fik6XNKi6X+TJD4UM5dGTUlsuj8acFS0niI2rsCkaGP7Ul0I4Uda8tI4Ku4/f/36zX0u1oDEpktKDh91FzwI2JdGIz9xd0AYSs74hbwa101VlWYGDCD+XxmEjIzBABXKkecpehAwUYrtoUIiH2OyqVAl0rqlKDWgiaLPf//67bkEd3FcSzwRoON7h3fLPngM5CXNKiKci/Mybe+nUwDpPgt/dinw+O1fryXMGGoGCI2g1w+nzbCRQ8ayX5NOGFfA/cf+Yzm6OfkmXQNA0B5mAZ5K6EATrTLUwQc5N/j+VRtbUWVSGx8HWvm8NMYpb2/Tx0hulVnGXhTlI5lIYKz062HaQ4C15eR196vM+aIEToBLz4ovRicbumTZOy5NpFjotSFp5H4wfI/uymYJuYGxINNzU2XGEDoGH7bV1dn0o+edpruzYpqwYnZVxo5x5P69BL6yhxwlEKwhTm9UEUMS6xvO3EF1bfp8Oz2dO8zypkJ7VDxz5hi+cl2yiHb5DhhCpsjjqVRZhJXkW90BxVwF3GLS8bzRPJAnV7IShtwMd6nciskq1hQ7sD6A+06SFlpXqi1BH6ilV+6zXpy0NoM2gfAWJv2oT7RpVio3RFiu9wVGD2D67mx+BHs/4yhUlZJs8Dv4xVKDGuiU8743k6FUMlpo3zlxaLNscYiwnBIk27US8BvL5oOOmRhFU0qYIyIv7wFhbk857oS2gU/lsTxy8hb6OBOcZQ6MHJasKqCR2qODZjnffIlZtlu3oqIhvt6TFeVdN4d2j3NPRPt3iTgn0DjWNVkeo9GlpYxFqGpuMeO2TJIF5NGQ71WlNsEhP3ZEDQ5OJx92+8X2EXfbGyjJraAvyV1tTwYxY87SMHbJDKBxvusHXg1yW1inVzAReUhgVd03U+qx0cf4fI27W6bUlop4Lw3XO57Gz5i05BRflEwfRUMlLGUK3PakieUeKikadB9GYXToHynGRmZzrFCkr481VDoPiXWV3pfo442UfkqsD/TqQpLPVsbziwmj5lm0dLV5WKudM3dlz+T0dO3Qd0ttgPE1S5cvoZUGwwPCG/M1yD4YC8xglBTmsKltd8t5qDde9cEcWw5HKVu/NER9dwAxzegbySrtT6LwgKUAcxFbBtDfBLlaBgM6Zkrlx4ba9lR3XkmjjXCjHcYPtq97S8Fh+Lq0midVRky5jR4Gqgr8bhzbUp5fTHVh1ZnMbK2RN19rI0Q/LFqJFlJKsaDRvqXDOgrmPtD3jhOsEOB3lH4oaFlRc3VS9pU7D2b9xCRAjyCeToSSwS8T/oYvQEF/0/CemJXkM2bCidWqIkzM996qG8m1qhbCUBOw2JGj7jmBQr5I+bDOzGhq+Oc5QsgxbiGtX2Fy25COsy3tZGlPvl63dGnEeEzZSZvjEMJIQnn2MmlhWrfHkyf4JrlcMFV++rBG1KyWtsamJMJWPFqsbm2d+HA0vVk1uxJCUX7cEDQ3jokOq+46ndQKtRVLSrZzESZZHcsNU3accVSZRj+oUMxrMmo15cTdggPBzCuqiqGMCl9Q7bO4ibkzH4lfasd73E4THMoxxU69CpZamWew+A3It8rMHFZcW6FifxulJIab70HyqJb49qDRdoFb/2B2hvJQVbS8MAhV3NWA8F2RAnqviFBHOnCNPJRoxNx0g4wCikMHijFLFA88DyqPrZLkFO/Uy/C7BOFa0XCUSZvbr46HkHgomb/Icz8SH+HIvRCWJ2CX/JA2K55Ys5+0NgjXFsI3Qa19q4ZQxiUwNJuTRMHZpXO2Kj2eArKSPXa6iHR0t1KS8434CP755BjKWGUY34THAVSeeyvj3eiPFbeljG1tTPq6Qv1L+hi+G4SV5FAkYb0Zs8S/yeHSJDrcnfouSTmbJXbUcRWKJ9Ll8AxdKqyA0DgKvHf4Of1nsQU9jdSs6iNLV5ECq5R7ONWl59hDZYUS4YwKj9L0eXMfCcIUxpMxn/eT/Q30uqqCOLWHZ/g0rJ5EEh9hB8tuJYQpPrBVBbgQcXzuVs09nPo0Z/ilVrHXLuruJHOWY7x4iPA2bUFa4ua6sTGh76pM24bMbvul58QWah63JK5CS/g2eyuOcHU4vDCN79hB7s00j1IYlXIPp7HFWfFhsgwo5CBm55SaGRBZPTKhQRrfHVQEbAwqMofVEtWn8eFZMX5SuWz6Wh1sHZ9uv3BDn5gJUxjPni5/CDmMEFbKPaTF+JSn+XCr5WniPT7JVh2IkJuh3oVd5JfCL9Yk3SJ6APNb62pzfil5mjNzbSrUi9TB7KgYOh2hXaHeS7EWke/ebSebxTBZ8RCIlFzbmflSWna/e9+YuWmVeJXPrw/pyo/5i5i2KQqXDbcv+8fJWHxq30mTL+V2vvTMnDc2CdoS7T8ifW/Q8H2/7uBpBxn341FdhlK3LcHr/LNnIqXkvM+dtzhu3g85Uy1l3sLMPXmZ4hMTY8mhTSIhHpHMIp1GmXdHj7NeYR0UVdSDaXNP9vxh3s/rDW887nRGoyCYzydToGZzterdzB4fu90tEIjXfn/f2mw+7u52u12///Ly8oR0S7SMyHykK08vL/0+3Ht397HZtO73exRR3BGl+zib3fRWzWYT3jOZzIMgGI06nTGe5pKPMGX+sOwccN0fNuhUqg7CNDhDoIi0d3MzmwFWArsldbIHwEitNKIrBpNBBbAIFwBbhdAQ29xg69BZWI0hCHoukduwPJwDLj+PHwpacrqYOKBids0jnsKdNoOqcmKeOo9/bi3Gj6TUWgxTT4OjWzFT8xMptZ7m3Jqon0jpNVFhXZtbpGr+DJRe13ZubeJPJMoW3R/XJp5bX/oTKaO+tFKNsADNbvGygo+J8884h2tgN+K70QEVsRfKuMC/lP3RENmJg8JlbueF8XIJCTKOy2mNsFXnXRhsyvndayvZg1l27pf9VcTyrLHd4h4j3W34hZhsh0xMFmEGCKKHqYQQIxR3Vt9GAZsAc99dWckNNdom4aoK4OosNTFwSCal7pzUeVeo1cdtbrZJQhP32ljs3H4YD6BW3kv9Fos574J6pr/M9RqGvn7EQcyPLXBY+5dMrOEir3hMw8gyffWrTVm1+tZ6i9d8hADhXuthFEkyx333tV5FUxVw+dWVNfgrhAzyAAgfbYR9bSPcxwhbWncS9QBP6ltFTSu3pp274uUu/NWETifrLUqvmYFeGAlcfxX/rieRyaN81MDtuu3A3WYjfHHn9VSE8Aj9ESelQSfWknlwQOgx4Je8OZ/w/S5uUHe6ZiZc97QszGTAq/CnUZAK3IBhpoyKQeAN0+dpt/WYjXD+4jayEELUGmk67n7o+GcGIXRnUZqF7EHquqfSa9fgEYFwxChsCAh2k2P/3MVjOFm0ls3ZMcJhgnDsLjLHsBU1DB5899iKERmEo0KEZCtS166VXn8I0VdLai9KY0ETl4rrScT1iBCkeRyPIQh4W0LD6zHCCc5npyLUsm6v435YP8QTiYBwoGFMC4rZo/WHOmX9Yek1pKBLl4vE5+Mr92k6S2YIAGEbFGk8htDvS7gelVIgQuG7qbr0YbuIjRV4lwutdTP6DAjvt7vCPBKl2dbpa0itdcBP+Y8Be/h2n8w6SNzlchOVkwLCQKw3uvfO4usungkX2UvgUtynshkhfI4yfvxh+fDWGoWfgM0AG9wdXhbNh9eHl1VRjoqKJTLWAYdrudsZudqDO6W2fRohfOs0VKYVkxLuSa6roX9wHb7SUQcxGRsnTOYkzxWasrA6znji1aK8adT89LXc4Xr8p1J29einRbmhr4rI8tfj23sqfHtC8Dwybmfmngr2vhjVykx/DBXtixHubYLJ+Sp7m/wgkn2asMjc26Ts/jQnqe2j9Bc7viHtB+zwB0fPKX5EGhXuT1Nyj6HUl7Cc/7LjS9TOw2/V4R2l3nlClKN4yttjyN4nKtOvseYJTZwlbg4nA5KKIKOwWFxXGVl92hY3dqFJw4NuJx1HvxDW0g2SJ6tyNcfzNv7MJG+fqHCvL5rQz1wvYSE0KR1yEmyESUXzEcLIdaWaiLvIIhsb5rAEIbdmGY8R5tRGldnry+zXxnP3azsZw/IIwzEMK2ijsg+DsCcthNYYzkuPYbhfG8/dry3cc48MRtYuPPSgFk1WGJcxDeH7lMjUUiDCBX6cm541O13Ee4eGNTRDHiNUo+YUXcE+vKPNIoRbemd29ZekslU/f8+9MvsmEsIVzY6Z56QhfDazZ06McJLcT1sdzZIVCyHCrY4ROkoILIS61+H0tinHoGdmAjRS2JMF+ybae19m1MQQwk0P6MaqZjseQ7pupIEQzkZBEAoHNuG1HaOJ66BqE9dypvizpdAJ4Z6emdlyU2JcuPdltH8pDWL6oglLDgeZCA2ZkDGRw6T6rYubXIc21xQnA555PkJDWcNj5ndXxfuXHuxBmzqIn0f4gKd9buLsOiFEDl18BqHemKuFe9AW7yMcahqcE83hUrweaiJCuFvs9y0DGDvbY8AlbzJBWAuNaA7CLT0zo9mCsqSl9hGO9oLGnNx7mtINNQ1OXYaJmB51XuxSEUK6HkbrRtNIGdqKpOTPOB6E0GsXIgysd540inZQfRVl9oKO9vMeGc2Ui1AlCBtIZkyNLhVxcwhhor91stzQxPmEsB3WeBcizFgnXGU/72hPdpKmwekDCeHz68PDw5tJmiQeiMkpkRzi9QcjqIcI7Vpu4+MYhKJRhHCNj3xOzcib6t9WyT3ZD/fVP1U2lqa5O0K4TRBaqugQITk0I88boItFcbhBGB6nU6hpUmv2DV/Uyu6rX3A2goVwd1Shb2y45Xl7pwhpakQqc44U9XeI0BjhBKFrbUBXgNAch1PhbITwfAtBhZIn7ikbzm5CCuUoiL4wXrGYRtdn9GPWmN3MkuIk+B7h4mNm5MaxGvwPHCiBz4nfpnrmPvMjL3rFbJ4hN6hmSp9vcXBGyemSMZYUhYSNOfqc1Jyw+AfWFhzhfcm3LLxTcXu+UNifknemDJE5o2Rc5YySw3NmfnpCwxQr31Q6Z8Y5OCvoUqcKX4nMupaqZwUdnPf0Xmkxx1dTuCrCq3reU3hmlzRndv3k2gXjj05k1TO7nOjcNbJt55279iWkV6Gtr3zuWnR2nlmAfO7ZeVcns7R2XT/n7Lzo/MPohMHrtPCTFJ3OeNb5h/EZlnN6iP8TISqz1G0uzzvDMj6HlJyy5Q+cq2HmWMGbs88hjc+SJW3z8UMOrE6IcdpVpXX+WbLJecBk+O9/0InOSMysIHr6zHnATnymMx1Bsv2JZzq/f+5M5/hcbrNmrvuDRpGFqzk/ey730dnq3R8zikwbgO1Pn61Oy+luHRYu2/4pp6tHJ6uDBDm37vJz503juck7CMlNlN267uncJYlxs0yxw5naff68aeTzjYwgfpQ9NPuKpNhHBBAzJhVP2UwhFEIYO24Y9fbbvRvlm4WdY85Eq+gEz3KEQtiSTIRJW+973XDuvYdKhnaXukx8jhA3iomaeXbwncFUuPr4vSaY2lwuAYEQd46K+KP3bSqVmXO43SdfKWd3yQwLyiJIIFMm27upf0/uRtRNLrYFLfFvLyOD8bMHEGgCZ4QbV7yPvyMDJ8dGTG5AKdQgNB9ctJ/VcAlMAX68iRfBE/xqTmXRdjhzCJdAbJaftYPHpJw7ejhvm50Fdo2v1am8YSatntsQs0I33zkXN1tMbLEuk6l6OPUyyS4buDip6LSrVl3hBIy7vYZ3xXQTN88VLHrbbvBFrMrkIJx1nGom/B3uu3GdN0t03ToSXhjuF9ETX6FURbQVw60H7zZtuNq7Gi+UZFTRZkDPo6uzqtKj8BDQG6kobfjSuGK/KgGB2ccQzMY43Ktl4101amTaC+cjX8dgJIbgdHczprov9saAHDem4n1KtrWriSOTjWiXu5VQ8buv9LaIRAPMRsuH0KUWzWc/Nq6CEfBFWyy2oBe5D++7uyaHJi+mLeJAKHR8zEi39qndSNJIyVq0s9brCHiGpommX6S9ZQ2GcQeKTfF4f/V9p3A1RAViQnbiLaKnwKDS2+G6lC9zFo1JnNUFE068bVB/zi40kEqyebzt7grfUp+Ri/GVniL3scRnwiH4ryclvbP25wcShq+dnEDTq0MoT5yy8L849AbTC/HLbYCLgPxk+6enZkN/AiQTutFMDnRe+SAJOsAXdb4hKFVyjoW8I6yOUZOkWf3pgPMztgkCqeaDabIp9NNEcVAwI/jmfX5xRVaOBMOAZjcC1gTNYG07/job1XUVlIBO10cz60TTRYeeOkKHtMm+rVoiFMLbgHrbn9oHhu96QUPIk9MtTh7BcFepRtCzDxC4nfrEGcFtKIpfhCe1gbKOQvjeHEKTQEf0Dvale7hfBV4dN7cStLuMhYvh3jZcyroXNO8f7B+tb1BfKTlsvpMq/fZEO+POdB2xFYjSuHd82thra9acj7yaH2/Yo5Rf80bz5qx1cm9vjEIcMv166vyIeUsmRIDbXr42axpBysG05WbQ89vD23PWxdZ0IBGerjUR+V1QcSu6a5KS5hS13XSoYYSEdMbNamex3TfHjsSf6uGURHLmfZP+zCLwZ4KWAelxkElAKWvB6r74wOclCGuNo05SknsGXitQ3y5+p4TadEKTJm/dYKg5bmElJK97o2lv/7E+Qbb+2PemI6+O4OBOrodBlzY3/Zj48pPb7l2NQIT8ufGYXx/nniMJpkKdqTUbhhuh4aZkQ4Y70sWXHW/+aJTOfu5/xin6AgI16HR6oWdyN5t0hkIba3FCaC20GHYms3B73n6v41wyQrkaoQzWR6u4GvppgSd3tWu+gxu9IVbm+LV2Zz6dLWIfYbMa1eVn94T8SkKUbBD09kea5n39tn4//Gq57wUD9qdCFxE5ZLw+GE1W21b/2Ao+91vb1WQ0IE3zA0uuyhPiRFUDWP1GzVDDr9M3p4ey/bmJ2fTdjfkv/Zno/wGrpgSAfs9qSwAAAABJRU5ErkJggg==",Hugo Peña Medina,Hugo Johnson,Centro,"El partido busca identificar lideres que fomenten una nueva mentalidad y acción, en aras de cumplir la misión de este. Además, buscan trabajar para construir una sociedad inclusiva que encuentre en lo cotidiano los recursos para su desarrollo y crear una política económica propia para promover el desarrollo integral en comunidades, todo esto a través de sus 30 propuestas de gobierno."
7,FCN-NACION,Frente de Convergencia Nacional,https://upload.wikimedia.org/wikipedia/commons/3/34/Simbolo_FCN_Naci%C3%B3n.png,Samuel Morales,Miguel Ángel Moir,Derecha,-
8,MI FAMILIA,Mi familia,"data:image/png;base64,iVBORw0KGgoAAAANSUhEUgAAAK4AAACzCAMAAAAnmteZAAABFFBMVEX///9T/QcKCPIJBuzy8fF3dfTf3vwxLu96ePQaF+1S+wcKCPBpZ/M4Nu8QDez9/f+qqfjY1/v5+f719f4RI9bo6P0jXp4NFOUSJtNP8BJEzDRQ9Q1ZV/IrKe5XVvZAP/Tt7f0mZpaFhPgQHdxL4h+5uftN6hc+t0hAv0FOTPFzcvdFRPQYOcA7rlExjXAUKtAiWaIXNsQaQLoWMsgreoMjIfLExPtDyDhG0y0eTa5L4x60tPpiYfaZmPkkYZomaZMocI0ugH1I2iYqd4Y0l2cwiHU1nGIykmwbRbZBwz0ZPryiofmRkPXOzvpubPYhVqYfUasreoQ4ol0/u0UuhXg4qFeMi/c8sU0cSLM1mmMocorIyPqTQgyRAAAPcklEQVR4nO1dCVfbuhKOnUcgNjiQAIEESkhC2MNWlhIKZesCFNrbFtry///HsyTL0kiyLdmB0nP6nXuK40ijL9JoNKPt5nL/8A//8A/pUW4UbodnXmEc9QqNUlpBpUrh+ggJWl5+dbRSmCj3kyUpYexmxhYw6HM2plwqrBzNipKOhsYqfeRaOBoUSwgwdzRmwLhUuB2JEDQy8zl1awE0rqXagIx7mjXTWFiNFTQyNJGZbGUotggMt6lBuDKaLMi+zUZYhywmfJ/QkqVmlBYIgobSK3G5p0cWl/M5TtJjlO4rBPVSGorGK322PgYi66W8YiRoOZVG9FyjQmx7d0wtaCy+h8nwRo3Jlu9N2frteKNqx7cpBN0bKkRl2LgMhCGpmNJNKkHDDRO2DdP2o5gTLISh2jLMGihwYzdlIba9Cuo3NVsTvpX4YSwec5yByMDWd0k0+ZYTjWR+7c08wuROXv5yOdSHkkKl8jt3x8cnJydfrrxEvlr9rTwXK6R18mDxWDyfElIMU0liL2v9WgdZ17vjsUXN6fBtxnF9d2jJ6NQ2eGPlLhBBeyBrtavMut6KKW4mme1jtJncXnQUJWLsH/N88YBc4AVNforK6pydRhZIf3g0JiKNwtpZFFdST5ssKWpFXqfexGdtv4nkm9TdliMyjh/ElogwzZS4mctdhx9a+4lZaxsRxb6KZ7unzuVuJpaIcErb3xtjqnCik9P5HqGDsepQUatCfj25QIxPtKuPUFWoftPM+q2orqg466A26622ZpGWVd8Rsta1sx6KBpGgGc12Qmm6t6a1i/Txhc96pc/Wx7aq9GIjkq4y1NmJtF5q3LGsa4ZZP6rKHzKq3CnDIrn6NatbH46yfqOilKaqLYzZWtYayTpupESE746CwrCabUlhFormRfqdpoqy5lWDbhLqVZnDrprutZzS1rVgEG3fUXPjR7IofFOQUIdu0iSYbeuNDjLObftd+qwiVlRsFSFEGsXFcHYMDK6QVaEODQXdsX6pAsKnxdRZz2Qejwq68iTIRuois8DZ0tIGOUCr/RG6VluuXtlxqLyQyrWEcRyjINGdkNKkV7+MmJaoXEt0JWesmtYs+OpnWRcZ6DpS/DYg0ZWs7kOy3IjSXvvOjX2Vge+DyOVIZCvPCSRHOxEghnMnA92OGFp4iT2tmrasIOwaz0DXkjx1cXK+ISY4TVtUoHj5+vRp2pHNkmJ50ZJJhkE/4BHBZKSu4brIpiHQLYgJ0niOBK+ZkC9pZYiOgzjfINL10psxWjWu/dtO4/MiiG66GL+LdLMMae0zXDmtDCJ+CnREl1ek+zV9UdWvtGPPp+5r6wl0RfcxwwjM691aSsKLAh1x1U6s3aX0dKcP9jkzX7SnU1D+JNARLYNoyDI4j8ihAnY+hYyaQEcM3sVhIouvWzvjDWc+lQyBjjhMiJN5GV1zjm6nH3SlFXJhYjcV3Ut3K3j6j5eVwlkShrVZka3oQCZPIUt4j/IF0ajnu2RYzqW1Za+hN539rsHII+iuPJHThAnMLcMhyYin8RxUpz98t86nbeG+tmQbjZRLkM29RFewZLqzyAzUGKCmRxVtWeM20kHr9Bfhb9uvtYUJdleeQxcc3q1kkQLC5QXH6vj/ur4B7lhWYMaCxRLtbvcfZKOYhIRrlVPGdEPLXseRd+CMvcNOJA0WtTswnOl1FVtn4LRICo8smB0OfGvw1YdA6iddWXA581ZmKy76pPB3ibPwDv9a8AUzS5raINixGwVdYVxLY3gPw9YTvgjHZM2AU6CrWgwsw61Tpynohl61MDC0mcujJ+c7oKJerDoCaVI510GH9oTX3DYCvfACeufK+V1RedNEPzQvnIs+4cWKP0UJGKr1lHTLcA4yxTDMHBPg4oJJjjsNMftQF5RsRS9nMgvdD9zLTSBWR8wlyBG1jA3HYS9FEBBaAD4yhS2rIwZO6UVtEihDnzdF/KO0ZDAIZzOF9ai1IagLs5GL2Pcg3bw5XUaNe2fb3GJkMXy9GVnVvwENtV3A2gCq100zkUMzM4/OV0RuXiech8IjwblSBtw+1Yikm4Ozpmph8aCu1Bp9cWbbv34wmaHrhL2eY5UIqAtx24fgbMN4FtMbfESOLh8bhKMP9nqUa4Vwo0vcdpES9CK1HahoupPIBnc4mTQdVgZVZ4Nxz2rstms4sq0ppJnR7diuA9dGwoTViK0SV4DCXhzbXAmObObL0LRuiCXbJ5PwPF3KEK1gqNZbOoDAbsJGvQWQ2nw95CzIeYo/jRO3madLfBz6Rg4J7wABlafLo5yxemncQPRom9Dh1ZH4lmv046mQH3q6I4m7IKH2Gq/f0OE+UHsykPNxLfkB4UfRkYeuoxywS9oLN5iaGoeDIB8ITfna/Q+9uGCfYXa4HpxcuX71An+vZWp7Ye2KdN0iHns4rwd4Jg60ufFmIaheOLRdGtI9I9mAF86UwXWRX1rfsUOnC6gbnF5Y1mArDm3angNthg9yI7NFU89XVscfOuxwpOXTCRuH5HV2Jd6CTB+1qrT6hnZyR6bBKQOaTrfzm84m/cxHoceg4CQjRiFslU+e7yQ9hxo9kovXSWZ3f63Z1S5qr2AWasP+zf1o0Gt2G5p0xW3YiepA+G3xn0BMxoxp7SHwagLd/cm7fTCISNwZzQA9nS8J1qEKtYZ8An2NtnIrjNuDF9utr1IighF9tuJuyPgwiFRKF9Y1VF7cu8AaMaV7Erq8B6DIotGxKnhSLW5rYRApcKOTgm5g/n9IiS7n5+kvglbhrQnbXAkeUQqMY9XeoP1puu5Yztl5OFPIRr/J4A3UIPyKi62D5tuv0n0T0LURzw4loQHV4T2RiXb8bVwp9tHJzSxMYR7DFqAhwz5tBbiqGrPHOAILwKq41NN7v7Wj2oXPqlJp/4k28NsbAie865F9E99g7ainmWIxAAS4XEPKm/BlzZVWC2w4Sxi0/Tb5VIc2LDpWj0YFTqCyQEXe5sX5Xw59Jc5Z5aF7EGg4MX4O3OimP0DwGIO1OM+3qwBmPMMVCn6WDGHLtt9wHy94ul3YVBFnNpMAAyHiqaprl9EIdfCXQPcSTpwR38vDY98D7CYGwxlEE3DK73O1u8ZHCKyjhboghY1VqLtntt0JfuYZnLWJ2GquAWH+v9i2nHUH2yTUyZ3u9vbXhxqoXLYPQQwaXWFrmu86kZUVwWscyXCXwAT0zapObec9WvLyQLkcXbbAhPw4p251uWTAtrn2Rh4lcuCalKfp5KrxCGTZ1ak1VBd4nD/77lAe9TOH1wXsHB5ap/Wl9nT1o9VFlOuB0vj/Hdates13EcZduyZuLnZ14p0YCOf+XXSQyG/CaXTcYGvaml706bqdqXr7sNOhqxB41tTan6q2LvwGv/M2SNdqIY+4fWC131j1TTR1nbcPHeGo2tuslzQ0bRGtn5NL3vph3bXzOy0bDck172LrYHPdcnDYcF4lDY9GP3xMyrtcbNcQ3eqPX+39g1NvvztF6tuZhKKbma+UUJwUdd2q3+2osdxApLrVO3v7Cq/kFhexXVrnw91FRMu3cdvu0pVv0VpV+7zj90pX2Gaud3Y1ga/6DFsLxvfyb9qUXtn4DN08eb67kL7e7csFIw31wTcVXIWzFvujeJh55NFQH2PrN4qZTBiPgsDX/AqDZHix12eY4bNA8Ori+8n85Ob2Wt/q3UvtKejwncTjgtNpXxx/bHmKk+6GSO/XqLEn8GXBvNOZXlyKOucbIN+aPzl9vbm1tdld/LRfq9XuhATJM6OGEK8a2eJDx/ri4eRGldcMr9pC2Ni5+nn+41BYr3XmhbqVj3Fk5ytUyDjYqOL4qCN0zg7ah9P1ukNgKSAeQnJThGbJEK8NqqY77yfuC4o67ZcZYv16qfgeikOJ2QyIAcT6dbvJ7EQsiWZktD83ZenwNV+V/yBKeIJeFsN322jtwnn3rGwVVyeNGyhwXTLPT8zWHy/EcbeqvcfoQPLInsgm8BiT/MnXegrRFfMVVSdU+44J6Sa0DY3Vobp0PUD/PMZ4VKSjeMXExc0DyXEv9vFywgS+8oUp8wmKILnIq8/GVnlt11SMhZiWHbaB/t9VGQf53kH3Q1SP+y478c9gEiBkA8EWLgDaCl+4z864DgryxVrub7mCX8tVu/tMJgGiorhaqyUswS0pbo9ZbvwJtjlxE2KgEZxNq6muYul7nKOPPdWMyU6gwp01RYDf34jXFAXljNTURbv9oLqExZ79I2rLEHFfZF49AdF8XmurQKmnPTXiXj9d4KCPiaNkpgh/xn7JKDc1Js2ML/p8QjzG325oP5dvq4uEO0+17j9+VsTccGh7ey+hjwkYiGK78nK0lkdBqcHLKVeknx6lnnQX0OzCS9NaHpV7MCrPZrho+3nQuGduz9s+reU8KRrXWId3r5+sZgt5AnY4ezR4k/efZ+hDiLyEImR8cz2hY7tmqeRB+pCXyoqhy9J5mejqom9089ybl0uXnrBp/B10acLiy6f7Cv1TYnyOonNqCTXBoJFATHcY/UP8vAp6vH/ZdJdZlhtA99ZD0KJ7TXUjWJAuIvRy5V30EpvJCfy9RwaQOSo5pFvky1oJpA0KFhzTnS2GHHCiFSpiOEJ31b86gMcS9jjD85Y+4gB+RNLdIpM8yoTlZ+RyilhUgZYyEuquLt1ynkeR0Q3f7S6w75Po7gFpYJs/+flYY9Ge70f0sBcqRxTd0RBE48nQsjraJA/lnMqEhFhNoEtSHfVu5bohdHP0PbYvTFYUXYZl9pY9NVnCJhsmZym3fDzdPUFaI5ou+RsaRU26WAi5fXaAPpKv91geVKdMcgxdbOx7rDR+RjigizXrkXw/l9s1rV0GD/xwkpXrRI8adMXS+LsVA7ol9O9Mbgz9mWA5DemOreZDlhzdFU6KAd2FQHUUdAMxQ+RDIt2xENQNXxjhfwRNyCmIEd2bXU6Yii4h6mnSzQlgVgoqQzq6w3kAFV1syrCwz+Z0HwPBq3uBhc9EdyaQNjNBqk9FF8tZEHNq0iX1ih97gG4xDV38dxCnjqaLUs9koUserxV0zbpaT0ytpFsJmmA4G11YR2no3ouplXSpiQrbIBXdZvg9R/c2be16MXS9jHTzxVeBoWR0iT7zUpLpBtJmZ2YDYWq6n/HTYBq61Nf10cxOF1hwH/wVvIwu50+Y0mWWstdQ0OVjKQ26LFwsY8eWDwYbAwj4kT0N0cdR9i7AgPQGozKHBKP/79MQwljwl/wvGEbZY44+3lA59/ShySSPYT0Y5pL/hfjfX4S/j+4/PCH+Dw/5gXm+f9PKAAAAAElFTkSuQmCC",Julio Rivera Clavería,José Enrique Urrutia Estrada,Derecha,"1. La propuesta de gobierno está centrada en cinco ejes, siendo estos salud, educación, economía, desarrollo y seguridad y justicia. Bajar el precio de las medicinas, como también apostar por la tecnología en la educación son parte de los ofrecimientos."
9,MLP,Movimiento para la Liberación de los pueblos,https://pbs.twimg.com/profile_images/1095891173586153472/RUw7RtPp_400x400.jpg,Thelma Cabrera,Jordán Rodas,Izquierda,-
10,PAN,Partido de Avanzada Nacional,https://upload.wikimedia.org/wikipedia/commons/thumb/3/34/PAN_Logo.svg/1200px-PAN_Logo.svg.png,-,-,Derecha,-
11,PC,Prosperidad Ciudadana,https://upload.wikimedia.org/wikipedia/commons/thumb/5/57/Prosperidad_Ciudadana_Logo.jpg/800px-Prosperidad_Ciudadana_Logo.jpg,Carlos Pineda,Efraín Orozco,Centroderecha,"Para alcanzar la visión de una Guatemala próspera y libre de corrupción, el gobierno deberá implementar las siguientes acciones: 1. Fortalecimiento institucional, 2. 	Transparencia y acceso a la información, 3. 	Participación ciudadana, 4. 	Fortalecimiento fiscal, 5.	Políticas económicas y sociales inclusivas , 6.	Combate a la impunidad , 7.	Combate a la inseguridad , 8.	Cooperación internacional , 9.	Servicio exterior: fortalecer el servicio exterior, de modo que los migrantes reciban una atención digna y los puestos del Ministerio de Relaciones Exteriores deje de ser un botín político."
12,PHG,Partido Humanista de Guatemala,https://upload.wikimedia.org/wikipedia/commons/thumb/c/c4/PHG_Logo.svg/800px-PHG_Logo.svg.png,Rudio Lecsan Mérida Herrera,Rubén Darío Morales,Centroderecha,"Los principales aspectos de su plan de gobierno son: a. Seguridad: combate al crimen en todas sus manifestaciones; b. Desarrollo Económico: descentralización de las funciones públicas y la ejecución del presupuesto de gastos; c. Una Vida Digna: con Salud, Educación, Medio Ambiente, Trabajo, Adulto Mayor; d. Energía y e. Política Exterior."
13,PIN,Partido de Integración Nacional,"data:image/png;base64,iVBORw0KGgoAAAANSUhEUgAAAQMAAAB+CAMAAAAXxIRSAAAAhFBMVEX///8AAAD+/v77+/v4+PisrKzV1dVCQkJSUlL09PQICAjIyMgeHh6UlJS0tLQaGhru7u6/v78lJSVgYGB4eHjp6elbW1ubm5vb29uBgYHY2NjPz8+9vb2pqalubm6wsLCMjIyYmJhmZmaHh4dLS0s2NjYSEhJ6enpERERxcXEwMDA7Oztydm1mAAAHyUlEQVR4nO2ci3biKhSGI5sw0kzSpIpgCOZiW+v0/d/v7E28RFt7etZZU23Kv7qqIVw/NhAJEEVBQUFBQUFBQUFBQUFBf00MGLtKuldJ9X0xQAhXECZ77aIfxJiLr6FM3Q6DSE6uot/JtQs+UGAQGJACg8CARAzuWvGV2tzdIoPsS58N0htl8HUJBgaBASkwCAxIgUFgQAoMAgNSYBAYkL4PAz/nt5v667+cedjPQ56HOc4T+qlKeBPyGzGAsiiSvRR/w4ALum1g4ARJMXRh3EeQf18GfPX7oIenqZZnFZpv6cZaDpz4Ezot1N4SWE5hX88L+50YLE4nPR6y09nwfEYB5/kwqnty2vADAx+uOI/5+zKYPK/lkMIlBpN7t2s4I2Qw+VN8isHkpeSjZTCZyk8xmGgYFYPHDHv2Kn199oVrP8fg2XoIY2FAvTwO8mrjIbwMRoEPGExe/AA5Hgb9k5D0Vw/i6OEjBth9Yrc4Hgb9FdRkCPfZ0cNHDCZ/EjYmO+ivmCUGz+7o4UMGvf2Mi0H0XxncpTA+BolnEB89XGLw/OfOtwYxNgYMGirZ70F5LjG4bxYeQqfGxqB4oKsndfRwkUGc/OnHBhgLA8O5lKp+8q18NvilfJFBzbbe86tV42Dw0K1Wq+7xrh/2k88xKL0h3G3NOBgMRU8+Rw8fMIDqofc/PgZT85nfjcQgXz4fQo2Jwd1jAp9lAOXrGBncN4Z9ah4JGTDG0+fxMHhYzFCbKofzNb0fMgBYjofBQr0XhvQRAwxunn48A+Du+aczwB8Lq5/OgH5p/goMePv80xlEEX/87gzk/2YA6uGbM+DxEhXL98KQeI231xUfOEGDTo3YM2BQ4HVqzmP+NgwAn3MA+OUdN8A5+Th5947+0fXAwEfxJobvw+DvKTAIDEiBQWBACgwCA1JgEBiQbpfBV+o2GdTwlbpJBpPX6VeKXkPdHoOvV2AQGAQGt8eAyZdf19BC3M5ZIAz4dXRTZ8JcS9cueVBQUFBQUFBQUFBQUNBtSMYX1/P8GKni4nqev5BYlvl11UzRQikGAq8B0LnOKslYbuhWlQm/WIbxrE0OJzvkVZb4jdqyyNCDd2PcYOaBouAKg2coFflPmgMCFWvlU6NrCguGomDATBsrACatvxQ6k95/jk5mfzBAjlHKkiZSmJQ+OJNO0/5YRtkCUE4r8B4xfeMxgvIf3F6ce2C2cXPKnVzHFBVPUzfLgKl6Pq8xmSTFWOql61aG9qA2abLR+8kcu3DrGe1SEWsX2x2DPDW0PC1jkaqQQb1cx8hYPMYx7WdWS1dsCWvSuo2jIHJegV+JtS3iBgtsVhg7b1dFOkdY4JYSjN5vA7GdYmbpobnOo1BbjFDglylmForOVR3NOYqZiPJ+YZfY0tbRSM3hbel3MgkUmBmMeolpMq4tlAvarhzTiQQ9g8yhAcR4WTUSeFfuciTmEqzD/Al3OO9ix6BbKciRAWYrochEBxQb0w7rCg0ORAliRZZXLjtfcSmahcFokAEDu1XAqwS/uVnBkcEus/ZXxj0DTGaBFYv3YwQtdwzkCoNYWgJv1w1XxAB9PNa0DE5tL9uBsZ4BJNkcqxQZCDBTQowM8H7PIEbgRc5YStkqmiMDrGzPIN+vJPMMIrlsU44MaG8b1oJnAJTlR9UfCnNkYIpNgf6SZtcHkh2AzihHaHDgsk4dGYi5Np4BmDRZY4SyLXflIAZmQ6aWYYOxrqlUSwzydUbVhAwumkFUZkYjUR4nhfYMKrvxL5TPGVSKwZoKZNYDBrmVZHmPXXLKwOpEDRjY39Mpdgv8BcA1VDablK0ju3MmaTCPVSv7CUNiwFJsN9hcODIoCm2PDJq2Fd4OkoKqmeVYTuYbBTEQLX6VMTYN6+wy8XZgUlnn/8JA6IJ2HMlpms4ol7puMvYeA28H2FNAreHEDiJvB4fjTHoGqmzMO3YwNSDthow1c2uqz2TRpEvsakSq/MrEnoHGvgnrkuygkHrZHhikXKfIgMnlWi8L/GwFnSa0Y4BtHnvzCs3LxrLYboiBW+ou+xcG2BYoe/VM6876tlDO+VsGUGH3ECVryWCmBnZgdd8W2DkDqFfFCQPa188ytAFiAELwJVYP1yvdpjimyAbzUaueARjs+3hmPQOmNvMBg3yxpY6pS3VboZ3UDqtn3yfyLdaRRfMiBlzPMCc8bXT6Ch8yYKWN/DpjLIXB3oQ7Aamv6Drm1H97Bq3Qi5Ka3zoTqdvXuVjZYkoFFW0i1Mm4sMaG09EtqHoGC1FiRUeqycSmAN8f2JQzlZaMFxWPoEjLaoN0Sz8uuK2ttthDEAPIDtsDRQosWXGsKUfk0buaW7tKdgyY7ap+GBAxmijaFyaAPQt1lWolhLrweiJXPucV1hMn8CV26P5AH+OHXc/YOJ3lfo+FdGl9OOgmd9qPzVFea130a5BxfM/RmhIJwI0fvGi0YUqTD6zhUqcJtQoc96k7zQXWpTKcjoZKMTJguScni5RKiP4RZl7unw+UxSxgLrmlZw+bY/lUmyZUWZl/PsDo/SCtSk7PBxg3jR5KUM61ri4w2O0bePsqg/U7S9jh5sDbPuj+O/N/e7cTf6eXZzFF/o/t/59526U/eLUy8L5L6izEMPOHsCceg4KCgoKCgoKCgoKCgoKCgj6rfwBG3raAs5UOewAAAABJRU5ErkJggg==",Luis Lam,Otto Marroquín,Derecha,"Los cinco pilares que componen el plan de gobierno del Partido Integración Nacional –PIN- son las relaciones internacionales y la protección al migrante, que consiste en propuestas de empleo para mejorar la economía y evitar la migración. A ello se suma la seguridad y justicia, ya que es necesario tomar el control territorial del país, depurar de la institución policial, construir dos mega cárceles bajo el modelo estadounidense y combatir frontalmente a las pandillas. La propuesta de gobierno contiene planes y medidas para proteger a las mujeres guatemaltecas. Y el quinto pilar es en materia económica, donde se pretende que se reduzcan gradualmente los impuestos, medida que no afectará el funcionamiento estatal ya que también se contempla la eliminación de dos ministerios, que tienen una funcionalidad limitada y los recursos que tienen asignados pueden ser utilizados para los guatemaltecos. Otro eje es la generación de oportunidades de empleo que sean favorables para los jóvenes. Respecto a la formación académica de los estudiantes guatemaltecos, propone implementar un voucher educativo. Se trata de un apoyo de Q. 250.00 a Q. 300.00 que pueden ser utilizados exclusivamente para sufragar gastos educativos. También se busca la recuperación de la red vial para impulsar el desarrollo en el interior del país."
14,PODEMOS,Podemos,https://upload.wikimedia.org/wikipedia/commons/thumb/2/2a/Podemos2.svg/1200px-Podemos2.svg.png,-,-,Derecha,-
15,PODER,Partido de Oportunidades y Desarrollo,"data:image/png;base64,iVBORw0KGgoAAAANSUhEUgAAAK0AAACrCAMAAAAjKOxsAAABIFBMVEX///8INkbZIB3+//79//7+/f79//0HNkYJNUbaHxv83uD//f///f0wLjz019f8//3TKibihoPge3j78vHz0dG8KCXwyMjPIiDuqqfSIx319/jVb2wNOknL1dgMMD7qi4rt8fIWQlHf5+hAXWsoTVtogIm8yc0gRVRceYWvvsMWQErX3uDw8vQ4XWhAZXAQO014jZWBmaKVqa9xKDBfd4QvU2Kitb2PoasBKTxTbHicr7R0jZNig4sdSlqNpapKbHZ7maY5YGZYen+0w8VIbHEmUVkoTV8sTFSInJ9mg4dxjJpHKjNmKDMeMT8yLTw4OUNWUVfKRkN5KS6NKiysKivbQ0LyurrFNjbZjY/nsqrkoaDTWlbWZmTRNTTGW1nQP0JmAmGvAAAVs0lEQVR4nO1da3vbNpYmAxwQipDIqZu45pAsSUmUFN0szUi2JcvqxJtOml5225mmaS6b//8v9oB3SiQly5LdD3va54lkgMCLg3MDcAgpyv/TX5YIACH4D1EA8CvgJxKVQfBZKBRIcQv3SiARMkEEU6jtvflHvTHklqW2JsvmrGuHlZgCD4kxJslMUNzRxLJ4ozk1XT0i2/XOB60LS112dKixhwcqscJ0wtW2aes+7Ewh8Ul3p/UL49JUCPUFgzyAVDBCGIXOxJp07JqyEYDunqm8bUv5BYXeO17EOm4Nz13krv/fBgIBVd28tOomDhPuT4ilAUDudBrDsU2Qxdg1bFR5OSaBMsC6bevSBSqlffMQ9wMX9LZ1Zguxy9NCmBNnjDpXvRcOU2E2Wh6r7vY0k4Krv+FNvSbofoGtks8MbzhwUfkZ2Yk1vvdArnaGl/Zesa0TY8QzLvW9tCW8l5c6IdWDeTkquq2BLmp7aR+Z7BlNXRxGeFGH9X5DGszqftySDDBmfLZ/l0wpII0tcycrUEKgtLkrYM/qBoTaVvMAFhKo7rT3zF0C4kwFpuxmBkpJCDKz3P21B4KBzudwIH2QPRhNQqgi9jFzyNAbS6+SAzDWJ8mNc0PB+HgvaMWgDnRHZ7BN+zJicC1zD1rBgMBwDMrBQ3/6silXH3cDDODyLhw87pcBTnNy57iXdHiPHn5NJaWAdQz9LrwFFP/GPa6nTG5jl7sCpmJeJ/T+4AqXu+iHdn28fUnuc6lKwOYm2S1wptXLNrvfFR8GTqrJYAfpZaJ9yfYdb2zuVeddsoObgPmAVQ/mEgqJ6BiU3fopNp7cP2d9N29zvXpLbwReix0ujCkltAxwu10+4g531M27E2Xmy1vwCaMt/YLCXZ32roQmYdyvbc9eEGr3Yfdb+9Otd58Yubx+4N1WZkkfvLkeRbXs1LeqejhC92vRrdworuv4/e9YZomBMBvbMAwj+dYDCy0aMaixwXQLJyHI2dk97VUWExoEUFR7Mwxqq/ShLG2aiNJtic1AHPchzgXWiUF7Vq5nKNfj5iH2OHYhpnC9lG+MCov+NbAi0ZulfxhXSKxvKg9+sBWRUCbdkmKi9NSDbcncnohit2ixAyZVdT/73vshUhWXneLYhrit+0SziTCw0dWiQmS5FX14aPcQEJrS+aygCEh34ptaJs/r6F9CgAnwfLMAWFLzt1AJRmAAe9lNvTOxZqegxG2EK3nmXRmGt+8zhltQwkyiG/lVyMQOPtQ6C1VVX5ubmCuHI09P5P7rJqnxT4K3mC1CrgeDS0KicJHAoCtyQgHSG4Z+QTdUScYmBAQXfEFDpR4nIAFbhR/k3OHcmSuRjyLM/Z7l+CuYT8Ptg7bDEay2aG9s2vbe9huNydWNvQmJ7rpbwdX7HMm50mPeEmNtbQBVSrj/R4zUJlyi5epbaR6KmsUm7NH3qqb6I3PeutjumtNGfcWFfq0zGrVVPh+9UaoIuVgfsPp0qGGD2tAFiCyp11xDi5p16Y+BUc8Hizgct2R+BXQWfj05MM61xUzPsXnAGOk2FpJfGrKs0TcJKWaxqPUcVfbODSdpilrrwyJ1NzQIA59d+JRxWTJ5+pxrSD5a+Y/Gl/baug8Z6TX5UGKVQ8ImX7ZLdrmIrvusVXHw41gVYLB2nCYoj6bdUCNylIKYghD7SuVcTZM2bMhWU8YHmAIe1+IKmpQbPmWFm1w6HQz96lzlo3hfFNzJCg5clc+BrKJdjAuiR6K/1bQERyQQfTsrC0QxF8ZKJc3BFUF+qAK6NwlbUtVRVAX14QJWNujR2EY9Je3zdkFIBleSsatoZf0MDHGjany1Djdm63tW4JMSzQS2PopWBUSBpUsz6g6ghl8hhVbjNiNr04YL0jFfhyrJ6KTMAgOGlmB9SJozhlzZBfo6ahY1Uo/7Bbue1QhitiMpSfPWOM+ZMiK6rQK06iQ1GRTmw9xKqmrnbwxPW3GznPfiCSDKRVbbWdtMuJzu3c5Bqw9ULR+syqepiraTX4sPX85yjJ1C2jwB+12sZTi7rZSEyQd59BXId1xNhG22LgnEW5XFFJC+HvftvjbyK2raxFw/IyCK24/BanwUV0AEN6koF/9MW5HAVZm5SKuGTVdlTB8Uo1UNL+69s6ZhMePU89r6nNU68VRwbTjPlLUyILyzSDIwtl2mLen69k7XKBADv5+wFwa0tW7jwjo4qPUzUqo4qRqLrEe4SGojz9tmyv7OnQStUV8LFZoFIAK2tQIcDLqNHIPgE/7V+KeyqmjsVapbng0AoZUJmxyakiMYJ73wxU2mTVBovwQtciVw4FUYlciLqi1hVRaq8xRY7tFMp+deki/NiJreVqTm94kE8bdZD0FMp5S36igMN85LxoRm4WZ1R842EquIXjHbqZ7KFCJ6Pe1egCxjbdb40FXSs8ZuCjQ9RMuDdsFdlPFW5V5WwAAaRqyVXLvK+GY0MDwFvXOeeZbZRqxo3FhC2vXAtAwEUt/XAOIWWYRwVNl1FFFuGlGXaL6czmr+6UXszYjSNNMlaBZmrYi3GIl5tWQsTBltQOvYUi+Jq5bKreFktKwG3yVlOGJcHmQH07Ij+IRkXZY8qpqEfWEMzZepVEAmNqE1ulugxSnL8BZsPwYOuzTMNft22U3EcbhqTuC/UuaklZo1spG3qq++pFEm3jJwzMaWXsoMqWvJd0QZT2OjBXylVGH6lZOw4SolCTDfAJbf+C9pNMrs3BpaOkmVOYP1sNqdR3rHlLUdBhTdBK1qJGLN4NUmtCN/66BRytpVtNPUTGjGenIM6I04bKCTtVKMjJ1YR42+Ess4BmAbaOnXa5TLbRat+6+Us+fTtfUVocowjq7ctTWwpKsw0EX5X3jxOY/e3wCW9/2s/dbWcgtUvHZS9q7fXcv9QLRWrHjeaI23Srhlo/lBCJ9Hw4Xe6kJrDa0j2wV3e7kFfRkbBOxssL6LQRQmcxaC2tNZ3iKUzp0kioqiCugVrQcSko1V3XLWci3lSr3UckV1prn7VDw2W2NvvVQim0cuDVffdjgEcyNYLoM99GXlvPViTSLdl+l45jX6gRy0Tqx6Z3loZfJitK7lfDgOmx6X67qsK3dcQW+W+jKe6rI9TFU1xix30dbSI4/aNnOKZV5oZxiilfGzPzZ2tQktLlLkqKrXpZUaUZdV4jnpsU7W1ioBNeyI4Zd5aCXg3j9jKTXC2GpQOsGyP+47E3LmlFTSllGKUZX1M3prFmy4bEZLiJ6EjsOOnCG9sQmtxl/3pBxl3NMqGdfROpB5rXQBdzeifWXmb0wB1K6dSNF4w0Xp6DobJUE1btDeMTYZFgSNGBI2dN+RYre1t6lKXP1OLzgga0QLRNIs4K1sL4lOhvUaSe/CFdPilcuAdIvWZYi2EwoCQDddwBte0ZlAqxcW0FG+BZNDJ92Qt1zTFtOaMtoGrYbThsb8qqicLzpBAn5NcScp+82Hg8Iz8Va80zS+Kd4C772KWMRVruPqXe7Vlq8LNB4kmZiOkbNrh08PO9FGjJgbqRoaL3jxAWRQGxm2zrgILBqYNwstClCcpT6RcowherHt59y4rkrbSBQzCbEzNV73YhVzMgWT4oye2JeBeVaIFlfuUyfe+TMGrutdDRxkSDF3nU41OPmm9jJHJzn6xcikwvfZJ38oEATUPCsOHux24ZAkXQ3jNciiKWMx3Rtd9Vs8zWEe0rB/rYcRECGELg2VZ0NH/OL6hx8oDNWr9IYHTkrR+5XYFI+P0JRGGVjmptpsuHJGmCJ0e2TweHMYWW0YrcVg7PYUkVhM0AfOijAMG+EWNvGjvJTQojcuMggYQraS1xjWVjoZgnbibQwnSMeQhwpmtHjTNGPZ6bo6xqEiswdDKAycjKINJ72Qf5TYDSMjUJPC/CNgej1eECT7obkDq0KbR1aXaws3GiUj7rzvGI4zGbkBBFhJ+UYzRv814ZGaoiS91APRlFnBTsblct4uPFtFzoziMz5mlKV8sCrppJhgtCJf4p+c6ratk7LsAGJeY9CKiqo5/MoLuSdNxtLJqBgfFp2Wy9XgGy8+4iH98he8CHTSwufEuTkkcJ9QduBMaFXXm4PBoD7WIYr6UPA7WbDI/jKWDdyoB1odeeWpuczup3crF11F5s0zJXgHuvS1ZxK8kSTZj09Ug+NQ/OPMydoKjZ8XJ/wAcfTkrQ1zXo4WyA8ZGXNM0De/zV04AIQ9Ha66jYZZnJlKSHJ6KhhtlL+lTVgvsyFuNPp6T9/1zWwEO3PWXPKgJGuAECP9OGelaIESc5GRsWF9bPeg7BBfOgfFP7dL0heIEhxDzoYr8Zmfk1DSVjftbVlD3/D+BsAku0HAnalryxso0hwOhUPmgyBC2341mXxn23YVWHDQD1K/dLe/omBSals55yYxiR+SpDtG2Jm3Ca1uZ7mhcaM/Nl3XRRaH9pcGl1X4cBXwRtwYojc1jMWsI9NaJJcJqc6uciIzTe2UyRV5mdgLQmrddtoH5ekP6CMnjhw1P95V+eBqNr1x48iz67pmq+/TpDGR7pgHUcKi3/DcgF4vwgZCCQgd82IWoCXy+g3/2DfT+0VGTKiRQkhCqxjk7RA0VjUi32d+GXTtRwU+YMlglS/fjgKaG/JrQH5QyaMEBp+Z/mfuhzkhyVZkTZyBftxjjVQpY5k0EtDrWf61UrEae5qhx8fo/aV5DTfnsX3ryY9/R/rpxycWV5Mx/PzklycJ/WzxhItYlkM+6y388N//k/R3fAxEZJ3jaGXhOOokRoEcPVqhX59KWdT9I3HN+ul5Jfgz/lN5/pOF8ANL/9ujSvqpytG/n2g8FNJ/r7Yp6YkUlV9kM/GT/r9/vEi9cYgfeNbNgTtImbCjyqN0Az5eOTPnC5zfv8dgwvKTn/y5xZH8lgHr13n+M/cHo+WhrTyRovBLNPZKAvfRiYhfcUT9vFjVQIusoJVwJfmPV05/lelGjnHxPIEZd/ofPzDX+DpafPiJXIlpPJ+3MjXnlxhlJWm5chQnUDBc22TdASGvzERUQt4++hvSSdSrlF3Teh4xvXLy/DTu5j+WT7/FXE/3G5RFaJ+n6Yks+TFs5nfZ3aeT6LHH0bEIiO9p9o1iIOYyMWEBbx+dyoEp78On3xFcMHwK2zr9WqDxFB9CRlfeybGTZ2HpMVYVf54GiCt/+IHMV1FZ0qev2IR9HZZ86wd0LGrkfegAsdrFWozHrMRopNBiv+HTz9CSkdMQrJBGDr3K01DOTlbRMmDiNJgEH2CCNsigwf+Ff7C1grYWf/0zxmM2V6SWUdL0IBftN+HTLxDCu3B+3wfxAQPxMcWyFFoMLBT2Iaz9Lo32RYr8h0gGrSI+r05CNe/dOHeyxlts8MOX8OFHVWwsxFapRscQ8C4CkUHrTyI9DvX7UxptiipPM2iPvvz+5XNgPFHsP8ZvnurDdbCKMowt3FGi25XIkP1NUEK/hOoX55/Bi7DahyxaSUSEqvZ7EdrHabQp+4Vg/1aLDBgZTZV1gk4z4niCNv7wCeRYv4RMT85jQrSPVtD6B3wiNISfb4HWp5NPxyI5rbXyrhgQwOWrcCu89ds5/fg0uKgqklKM3YVMoQLyTdhTjiQox0FR5WMa7TcpysrtUSSxR8/Q18fLMHOZH3o3b5QgWojk9oOkP18cA2O+EMV684H5phvhRpKc1bJg+C9C3r5X8iwYqQZJ6jFvvyUktJZoIKNVj1yR5e0/A7WNUB4jtGhqKFVqkof+MKRRCqaKye9Y+jhylGSdt+z3AEUw4WsWLFxbpGwCS2pVvg5Rse5kLQPHHyuwQRihpyyYjDOT+AINVlB09DWWsOq7yPN8k7W3ku2Pfw1ksXKkrPI2sLd+DEvSaKFa+xwFDSLMRZ/kJwFjWInMZStos+xn4ijShpM/vnw+DYX20R/+VneM9gQpUfFjmkZ7kqb/JVneKuI4nL3K5yCfwm0UrWlA9LtpLctBCyKMJlNxALZMArf0LPlbNKjK6QslgzZDH1ckgSriXdTAe59xk27RK1lAdItJS3UU4DnJm4HIQ6QC0mdRwuGzFJAgrql8Pg6vCMxHi3F3NeXLAFXjUxSrPiaCdV+X7FqIpZ+4cRQEUWu8VXwzcPzpNAl+K6dfxYfI9FkQfVWiGOz018cxZ75Kl0X0UWaRfx3W/xaCo4jP4fcTwaDllqzbGVioq7XHAT3N47+/jygef3j25cuXr94/FvLNjLBBcfw4RceCsOQyomxZTFCjccmxrItBuIhboN6g5E4ElMs3Z0o1yHvOf9+TCUB1jK4I8/N94izS9FpKvulDCYPI2edvQgIVSZ5GVX6SLzMFixzZtqWT4hcfEQjwXtk2xD0SWuN5XrJyihhxWzvubu2ZUCJ0XvqOppwuWr8pqXF/hNrQ6pbvzikyLud6fhL6fdN5cwsYYE72clHXHYlQTmobr6NCA3g5lkcK94KpCARahZeuspLNWFDXcJXDX7JVRrjEbI/yXivLI9eAB7tRJSBitmBLeSQwrT/gC6fy+EW/QLDb8RaFpj16uJfnqzUQln0LSSRKq/DM9eBEQUymt7olRVDLPhSacpJycPWPW144QWxLfwjmIkwxrt/SIBGg7oPcA4MBaKd128tyUNHAtba563qvJI9UPWOXC8mJ0r3Y/QK/3QjRmupOAojO1+T3K7q4SPX4bi5fCoPJ7/WuCqF0jN11G4VB68FWscUeCOOp67ssBdCauGoX/7kPuEKBZv0u1z+ibtZ6Rqd6P9dvsXrzrlotFDqZy727wwJGltaMgis+bkFyz6g5qdHDxru4KjcvundfX8kcP+jw7oHvtaKjFoW7x1FBAz1ndKg7VqpMUNJrrR4y3YWIaL60D3IBk9ynYh2ru1dFpsLls4Os2ynrNXClss+ba+WmMGtbbpAws8d2EebMMsuS33YkymrDJS5G97h0J5S5vKlUDxA6MaDEs663uGtue6ItRyf+TUn7Jxntji46VOaR3OXuO3+/U57B1y0XLSTbPWtvEwE0+VQpTVvbhhga8sGFCXudqZxucK0/ss7InSwODtWeqKb/Qzd7Q5ZH8peUCJ1ZdTv8JapbhZPgJxky0nEmrqD3tgfAzIlxTuWOf/77VUWPyYQ8d2mdbbzpaJ8kAKg+Mxoz5M9tfEZVcZtq3azd2w8V+YQaLdOE7fOWc+b65xypn3+gNLydCJJf1AK5cCI3Sz7wCKNCuT8pSAh71DuXXCa5U0KD68JogJAhBUfPKKYMB3bTNoZnXfGgN7r5vzykd9otPjj3XJRj6e8pCX7Njsp7loTenTYbVuPMlPcAs4e7BRgCuNK4A+jevN6yrEb9cnQ99ul6PqgbljVpvzH9X1kTRDz4VbUp8tHbbtebvRmNrqemfF9DeYAb1rek4EfJ5PQnL7n+Na4ezCHqS2uQIqH49+4RP3for4r34PR/mI+jAt6z+f0AAAAASUVORK5CYII=",Oscar Rodolfo Castañeda,Luis Adrián Ruíz,Centroderecha,-
16,PPG,Partido Popular Guatemalteco,"data:image/png;base64,iVBORw0KGgoAAAANSUhEUgAAAIkAAACZCAMAAAAsLOlgAAAAwFBMVEX///8AcbwAAAD8/Pz19fX4+PjR0dEEBAT3+vwFc70KCgr39/fU1NTm5ubh4eHy8vIdHR05OTmZmZkVFRXLy8sdgcPr8/nDw8NJSUlDQ0OhoaEPDw/r6+uurq40NDSJiYlQUFAnJycsLCy4uLhycnJ/f38aGhqNv+BUn9EPeb/c6/ViYmJYWFiMjIzO4/Gjy+YtiseUw+KoqKjR5fJClc2+2u03j8pPnM9urdhpq9dqamqy0+ri7/ehyuVeXl6AuNwAcM6iAAANfklEQVR4nO1ch3LivBoVUsCY3mx6L6ElEEKHDe//Vlef5CLbMsghu3f+mZyZTexgpKOvS5YWoV/84he/+MUv/hsgiWqWX+Vqi+4m838jUm02SnhJ2HUcD4danZEaZv8ZA0JY7y2cRyiDl+xvOZxAS0xQXOsnlp1/QqPVqBeLuEk10R/A/QSzP7dxDtUwymOQS7lIfwz/MpFRkw4ctZo4izAbehdX4NcYD9/wAn3hDKOVQCjRPJO/xeLl7YxQA4MZVHEN4RSxe0VUM+1Gi8qJSSiHS5QzHvYXf4dLqQCGkcU9uMFN2itwanDtDDDrtMDuhrhBVVSmTzUQeflpHuMhtc4adNZkTFJ05LQv1B8h6x5QY0zqVEdVPEZpfEak0/hRHpVJt0dJaHSAC2qbtGdqmcNUv93hRM6Dwhl+t0AvL1oROA0TTWpDpKzVf05H8TqXfQK/gXq6lBmjQypVv+wzzXG1XqPejIvDXq2K0BtwQz/DhYwHGe4nCAMj3H9ZNMObjleoNaES5hE3jjX4Ner+BJfWAGTNPGRDxf2S6nRbj74z0jTedZ0zOpd+JLx8IRqxCnAV17RRNu/72Jx/fs6vvjGTKpNinhk5yvbpv+eciFTGXMpdDIPK9zfuZ8n5ahvz4rCaJz3f7+Iq/KpDI1rjCQ3lBz3MbBOhJozRbWp3MmJyGKdPtwFu2Yke/dHDg/q3iWS1rJPiqnjiWMf7Wnd7nh1Ox+PptBfIzI6OZJZ9Qr2aAKfit3mg6gIXCCpwW8strb/Oj/bgt69z3zfmt60lqtnFkt+wUJ5QuZDB5PtEEITy4hBrRRqzkWWn79bYt5dkyHfMy5pzOVlPpOFHTXvob/exxLXhRMPY0rDJRqwbfln48TpjZF5tu2q94a/niEA82CAy5AraHYDG/mYqfG83BdKz1yu7a0zEUBjNhSaLNL+o4eKYXZhsnLcwpQQxZwKc8ptR1/rry1czWkocYtxsQyyKp7hA3sFdDuo82HcYF+7UpXKPRoV2YdRPRQwrg7cUxjSFtXk4mYKzeMzDnE7fH7byClSOnEqD1p0TGhVG0YigUoIUJhjzJEwMp0EHoKyde7s7SZtJwmMGu9zgOMqXeQWjiuFbC6WLxQxKlxmRK2hm5X1mxzzVETSV2UyuOgg/M2a4wzjMBVgdgxJKREoYStQFzRiEqWYHRPyauDE/vYi85FJhn+l2BhhgHldSKkRaPVomU98tW/fvMKjAUzz5TT13IfbMvI6NJLPgVXC+QOcBD0FSxRdUp1OH2oJJ5EKb2Qf74FHdsO54JLuGtbm3dTdkGZEKfTR6PHetn/GETKgBDNtwC6pZWx9dhSxr5Rd+Y/Ibn00Lo1vbpKtVFB/gZo6WmQ+Z0KdTMEtAObuPvfX3i+gtHiZzfrP3t+SCUlkz8x5tMF4O4qSn5EMZTC2cRdYklcjedhCW/OyYshaZvPMbPbxJQr9sgIJIuVmhs6UUVitWSIEXSBBHXGPVRcuwyjVuQJeYyEuKuW33+RGdHlZ6b0pEKPiTNOXN3HzHyyNLPyfeN3fu22Mm7Bnmam2kFVRpULC6aCVoA9kOMnMbpvhgN0cFJixhsPhTxd27DwYBRiLEc1shXEgr0UhPKkxAwjGwuVykgA+gRnYQ749i5zvRSA9KTJgDwW+FqOYBNUPdE9Gszrl6rmLnWzUmJBZIXyogQlqxYFX0zHSILuhqrcYEBheSJ+/hFIxUU97fjd0YgsmqMgGF36ISMR3bdEF4fzykWL0fIjExVR7yYSrL8jNBI1vBagxVJvCtw+OnPPCbK8MH75AFKDuGJAUmjyvUJG1XZW7g4iAtfExh7JYnMfu1mYSWBS6Od1K2DMQj6rkzCssgmCtavUPss7QWKOwkoN6vRynuaU2+dW62bt575T2uBSZHgclF0pQfhjdwKzzuVEWma6WgZmfwumuy9tLBh0LTn3erBz+urhTsaGrdW11CpBECq3WlFiv00IJXgg/RrEzBNsRc98c1FJtJSHXvxS1KdPPQJoYbOOzgBpZydS9tJtuwBkWYosAfIOmdVlilCI9ItsPuHJemrmAzuVPIClh7qp67uHi9wLQMktmw5T10WLb1Uju1r9YhDXpxUzNt61GPTVnlhwFxYG73urIVFTOuzpVS83NFNSLmFd7gI7qGs+Zoa4fqx7lQaz+mnAYNv5hXdufI9R6Od3QTFyLVUoquzGQWSA1rV/pJDxP26dXOhrHPQFsybJUyFO/LH7ZtTYCl6SITe93iuvvYztTCPUueahFlLkll9ozGdC8tMQlieJ+G+4R5nB5t3SVVi5SdTHiWodLgMY95IQbW0Cw71UWDVvWylazkmVtKWSevPibUix+1eLG+bCdh2YKMDK/S52yfMdZ+Jo+0nnReebxGZHKUyi4ZJCAY7p3mTNfEXZmoRZ6TXIvTe1RoyA1p7Y/7jBNZn2SS1MN5zHb6bC+tCdxAqLsu/iQTcXQ+wBqN+fpHwl54HyUI7VkmTrnqxyFMM6ZARAx6qkzkFovcisCH0MAq2Kq3SVUmci/mLQQtJNyDL+JznsdUvVga2Rj870Ldl2wSeHzNO8dRZSKN9gwXLw/9zmLI1etp3oQUoaYKmcx9euw0vAS4XvYeHr6EZ7rL7PeRDF35ccu02NZKrJd9sNGAErdeHa7cuP8As9CJiyNyXtSZx5geLAQCLuZXxV61uKMVQJganexHBfF5gxW84Hzh009k77dq9erxEOo8B6d5nYlHsgCx8hMxAm2pM/HPMjyfiH2w3PpuCKEtefATCXb6qT7LoG4sySEAsV6bMR7mVhTMn2CWDIrtFtp8AEQ2Eg6fGZITrx7JHgzXlGXroG0aqqU9Yqku5FlD7GE3nXENvc7ojDgpLWCCXnhVnbUCVqELEK49GmtIzeske6MFCS0QRRiCBndUnxbfXVjw9gOWR2ttfS7xGQbJbCKmskbpYB0a8D39wMsfYPARyDM2gg3sVNMfx59QXXp0cOJ+Dcsm8ipKEtQN9dUThtDFME86Xq+YJEzrHWEAwaAGcSDSKiiYlXzCaEo6fDclc6CYfDV6qpz9bMTCspR89DLIXqDAQCK+VwkVin9aHE5EFpLWiguUAmB2I49uwcwih6yQgjwdkQhzCnlMuTcDEyCLXrCg+o3XbyGtue9T7kJaHn5I3ekhwCCkRnt3rm5BHrxi0d4eOJiGhTe5zz4mMov+wosDDEI6r3roPrrM1pPrSG8xPHgPk+YjJtL5KUhS4VWUHMeQ4T1Qj1QFsHwR6b2bF3u5ysPXL5iRyNwD5KteIEkwkwbtwETCA1legYWUwGwjEsBj1wEqsjR4VzdARG0CGg7wk4DFkztEZBMIMlN993MPoAnDH+HCVpfkI4elpe/EVj/YDiOfB4U6j8y+YRupHqlOC8MVJOANEfI6PibNb1DlfWOvhxQQHb3RNlQmwe/CLCho898FgZpENLmwzfYB22bydG2n1W82o26X8uEGunYjf5jF+oIoE4iwwtIedHsp3I9qvOdCuehuk7yCGPa23YUVS94sxbaYrwVjL1IO6R7fD6qMlybut/KDivsXJod1kg+InHRdQkewB8K2IOpiwB2zPZ0o2rZhhNkpLrQRdj0TXqwd3IQ6/5hu1wblpM+M/eH04ZSuyT+Mt+GVUdHa66hFIZK19+F5NgaafDnAeL2v6fmBiUsXeWTKOdRm55siMsnADkw42JFFE885hoOlk1f/iR0L5HrjTxie0FKtoa8WSuFaHqG3aKeKKBPSYZ2ltJL4QfLDdpz1aeXJAuS6OtmB5uCtiRJctLkyxv3JOBIRVBqjlgZbh3u45D/FlHSX26iFUBjwwzVgY+ePZB1rLznJjEqRzzaduyk8bKMqP2xW9X1Kbnt5TJntAwcmqJ6tgwx5tc3tfrTZyaiUdfhxGTQLc3fbip5sbF93wWlJvkO9sMw3qpPvn2pCHX5ANVN+9GAIyLkOAl1iZhzZSF7jBWZHd9MFkEgj+mGgkgY7/TOIaNqGoNwg930mGts83AM1L3DUdsb9dAuOdzVp6itjTRs8cxAvAaeihnCor9umw+vijd+RQkAytWJuU4Ljvv1qCeVR5dlj6pXmsgfeM240cD5/jlcK9fbjXJofd0Zs0z4NBWyL/xOm6oC8gEwHzcYCx+E+VU40+3cF00qzSIb77G4MjHJPmKqIeGUwREN+FrUKuaMfn+B6qSK14BE7+LeBC+tYitbq1hV1+gikDcPjR0fZKYYh0lIkd/5CvRoLWa0EM4IyOxvW47KgSZSdGUUV3PxeQAsFP+TI3ZrfjKiE2C1mthDnJxwS2LKjDq9Dxj976BoOo/YQKIfF/RYeoTyVQ7sEZcyGi2uzZEd489hShV0E/DhaoOyUxsy2gevlMrXkBoFj2M0BV1yaG2nfJqClnjgreh8vdUv3Syr4Hv39BirYlDpwKJR0UIkdiD6DrqiiKvUnT2jeRXbMWof/lwCEM6YqaBXiHUhL2WZx2QT/amBEGvgHZp8K6LL/FOArjc40oxTGiDEpVeHc1BhsCddz/4YIHMWud6D2WlA1aGnUAX3Aib0XrL2hbvrfsHCQTaO38gjlFqid0rJUTmAaiSePmz+Pf6SMX/ziF7/4xX8d/wNbgvbjEUczCAAAAABJRU5ErkJggg==",-,-,Centro,-
17,PPN,Partido Político Nosotros,https://nosotrosguatemala.com/wp-content/uploads/thegem-logos/logo_bc7b68666747ceb75a499c13258a43d5_1x.png,Rudy Guzmán,Diego González,Derecha,-
18,PR,Partido Republicano,https://encrypted-tbn0.gstatic.com/images?q=tbn:ANd9GcS__vLjecb5rbXPBRHE5tIBGPvCHdel76btXmW0640F7p6arcOZCsAPvfH0iZtAOp_g7lY&usqp=CAU,Rafael Espada,Arturo Herrador,Derecha,"Los principales ejes del plan de gobierno son, la seguridad, la salud, el desarrollo económico y la educación. En materia de seguridad, se busca reducir la criminalidad y el narcotráfico, por medio de alianzas estratégicas que hacen posible erradicar este flagelo de una forma eficaz. Respecto al narcotráfico se menciona que las redes criminales deben combatirse de forma inteligente, empleando tecnología y de esa forma desarticular estas bandas para evitar que operen en el país. También establecen aspectos a considerar sobre el tema de la Pena de muerte, mejorar la economía de los guatemaltecos, en relación a la salud, se planea la construcción de un Hospital Pediátrico, acciones que van de la mano con la atención de la desnutrición, también tienen un plan de infraestructura escolar, plan de infraestructura para alcanzar 4 mil a 5 mil kilómetros de carretera nueva y construir una autopista de cuatro líneas para mejorar la conectividad, y promover nuevos proyectos, son ejes principales."
19,SEMILLA,Movimiento Semilla,https://upload.wikimedia.org/wikipedia/commons/b/bf/Semilla_Party.svg,César Bernardo Arévalo,Karin Herrera,Centroizquierda,"El Movimiento Semilla basa su pensamiento en cinco principios fundamentales:1.	Construir democracia, 2.	Establecer la equidad como eje orientador de la acción pública, 3.	Reconocer un país plural, 4.	Impulsar una economía humana, 5.	Respetar la Naturaleza. Para asegurar los cambios que Guatemala requiere, estos 5 principios deben concebirse de manera articulada y complementaria. Estos desafíos sólo podrán enfrentarse con éxito mediante una amplia organización social y la creación de alianzas para la lucha política desde diversos frentes en torno a una agenda progresista. El Movimiento Semilla se compromete a hacer su parte en este momento de la historia nacional.   Con base en un movimiento amplio, democrático y políticamente sólido transformaremos al Estado para que ejerza autoridad, con legitimidad y eficacia al servicio de los intereses de las mayorías, y que esté libre de captura por parte de sectores de interés o grupos corporativos, nacionales y extranjeros. Estado y sociedad podrán entonces converger para impulsar el cumplimiento de los principios señalados."
20,TODOS,Todos,https://upload.wikimedia.org/wikipedia/commons/thumb/7/7c/Todos_Logo.svg/800px-Todos_Logo.svg.png,Ricardo Sagastume,Guillermo Moy González,Derecha,"La propuesta de gobierno del partido pretende tener crecimiento económico en todas las áreas de necesidad. Iniciando con acciones concretas para el combate frontal a toda corrupción desde dentro del Gobierno mediante la implementación de políticas de transparencia y rendición de cuentas, así como la lucha permanente para la reducción de la pobreza y extrema pobreza. Asimismo, se enfocarán esfuerzos para el desarrollo y la recuperación de la infraestructura a nivel nacional que sirva de base para provocar las oportunidades de desarrollo económico y empleo, haciendo más atractivo a Guatemala para la inversión nacional e internacional. Para estos objetivos el Gobierno será eficiente en todos sus servicios, reestructurando y readecuando todas las instituciones del Organismo Ejecutivo, promoviendo que esto sea un incentivo para los otros poderes del Estado y las entidades autónomas y descentralizadas. Eficiencia que se logrará por simplificación de procedimientos y requerimientos con transparencia, probidad y ética de los servidores y funcionarios públicos, permitiendo que TODOS los guatemaltecos sean vigilantes de las actuaciones que deben de ahora en adelante ser transparentes de las entidades del Estado. En cumplimiento de un desarrollo económico y la eficiencia de las funciones del Ejecutivo, se gestionará y promoverá las reformas indispensables del Estado y sus instituciones. Para tal efecto se trabajará en coordinación con el Legislativo en las reformas al marco jurídico del actual sistema del Estado, enmendando los errores, fortaleciendo las debilidades y eliminando los obstáculos para el desarrollo de todos los guatemaltecos. Reformas al marco jurídico que fortalecerán la institucionalidad del Estado que otorgará la tranquilidad y paz que todos los guatemaltecos anhelan de un Estado firme y libre de corrupción."
21,UNE,Unidad Nacional de la Esperanza,https://d1yjjnpx0p53s8.cloudfront.net/styles/logo-thumbnail/s3/082011/logo_de_la_une_por_eleccionesenguatemala.com_.ai_.png?itok=v9ntGona,Sandra Torres,Romeo Estuardo Guerra Lemus,Centro,Las propuestas de gobiernos son en relación con estos 6 ejes: a. Guatemala Seguridad: Fortalecimiento de la policía y el ejército. b. Más Dinero en tu Bolsillo. c. Guatemala Moderna. d. Programas Sociales. e. Cero Tolerancia a la Corrupción. f. Guatemala: Potencia Deportiva.
22,COALICIÓN VALOR-UNIONISTA,Partido Unionista,https://upload.wikimedia.org/wikipedia/commons/thumb/1/12/Partido_Unionista_Logo_%28Guatemala%2C_2016%29.svg/640px-Partido_Unionista_Logo_%28Guatemala%2C_2016%29.svg.png,Zury Ríos,Héctor Cifuentes,Unionista,"El binomio presidencial, dio a conocer el proyecto denominado “Agenda 4.40”. La propuesta describe que tomó como “modelo” a El Salvador y Colombia para crear su estrategia de seguridad, que constituye su principal eje. Tal como lo describe el plan, en ambos países se “asegura” que se ha logrado “un impacto contundente en el área de seguridad”. También promete abarcar aspectos básicos como economía, tecnología, energía y recursos renovables. Se complementa también en otros ámbitos como políticas sociales, política exterior, certeza jurídica y el tema de migrantes. La coalición impulsa un nuevo código de atención ciudadana e implementar la muerte civil a quienes hayan sido condenados por algún delito relacionado a la corrupción."
23,UR,Union Republicana,"data:image/jpeg;base64,/9j/4AAQSkZJRgABAQAAAQABAAD/2wCEAAkGBxAPEBURExMVFRUVEhUVFhMVFRUVFxUXFhUYGBgYFhcYHiggGRomHRwWITEiJiotLjAwGB81ODMsNyguLisBCgoKDg0OGxAQGi4lHiUuLS0tLS0tLS0tLS0tLS0tLS0tLS01LS0vLS0tLS0tLS0tLS0tLS0tLS0tLS0tLS0tLf/AABEIAOEA4QMBIgACEQEDEQH/xAAcAAEAAgIDAQAAAAAAAAAAAAAABQYBBwIDBAj/xABQEAABAwIDBAUHBQsHDQAAAAABAAIDBBEFEiEGEzFBByJRYXEUIzKBkaHBFTNCUrEWJENVcoKTorLR0jRTYmR0ksMlNTZjc3WDhJSjs8Lw/8QAGgEBAAMBAQEAAAAAAAAAAAAAAAECAwQFBv/EADMRAAICAQEFAwsEAwAAAAAAAAABAhEDIQQSMUFRE3GhBSIyQoGRscHR4fAUUmHxIzNT/9oADAMBAAIRAxEAPwDeKIiAIiIAiIgCIiAIiIAiIgCIiAIiIAiIgCIiAIiIAiIgCIiAIiIAiIgCIiAIiIAiIgCIiAIiIAi65nWaT2An2BUDZTBaiuo4qqTEK1rpWl5ayRgYOsQA0ZdBYBXjFNNt1+P6A2Giqf3GP/GWIfpm/wAKHY2TliWID/jN/gU7sP3eDIstiKp/cbJ+M8Q/Ss/gT7jpfxniH6Vn8Cjdj+74gtd1lVP7jpvxnX/pI/4F3bEiYRTMmlMxjqpmNe6RsjixpAbmLdAe7iEcVVp/EFmREVCQiIgCIiAIiIAiIgCIiAIiIAiIgCIiAIiIAiKmba7QYjQuzw08clOGgvlOdxYbm5e1moaBY3APNWhBzdL6EN0WjFH5YJT2RPPsaVD9HjMuFUY/q7D7Rf4qKfNjNXTnI3DzHNEQHtln1a9trjq9hVm2foDTUkFOSCYoWRkjgS1oBIUtVGud/JkokkRFQBERAYKruxwAbVaRD7+qD5pxcD1hq+5Nn9o08FYiq9sd6NT81/Lqj5q9uI9O/wBPtVl6LI5liREVSQiIgCIiAIiIAiIgCIiAIiIAiIgCIiAIiIAuD2Agg6gixBXNEBRIn/IlRu3G1BO8mN54Usp1LHHlG7iDyKu0MrXtDmkOBFw4EEEdoI4rFRAyRpY9oc1wsWuAII7CDxVRqNlJqLNLhspj4uNJJeSnfzs0E3jJ7itG1P0tH15MjgXRFFbN4s2tpYqloy7xly36rho5vqcCPUpVUaadMkIiKAYKrux7wW1XWjdauqB5tmS3WGjtBd/adb9qsRVe2PlDm1PXa+1dUDqx7vLZw6p0GYj62t+1WXosgsSIiqSEREAREQBERAEREAREQBERAEREAREQBERAEWLrKAIixdAUan8rwqWdrKSSoppZ3TMMLml8W8sXs3ZsSM1yLdqsuAY5DXRukizjK8xvZIwsex4AJa5p56hShVS6NOvRvn51FXUzX7Q6UtHuaFo6lFya10+fH3Ecy3IiLMkKu7ITZ21PnDJauqG3LMmWxHU7wO3mrCVX9kZS5tT15H2rqgecbly2I6rdTdg5HTwVl6LILCiIqkhERAEREAREQBERAEREAREQBERAEREAUNtTjIoqV81szgMsbOb5HaMaB3n3XUyqXEflLE83GmoHFreySqI1PeIxp4lXhFN2+C1f09pDFDsjUvja+fEa0TOaDIIpWtYHHUhjcpsBw9S9P3GH8Y4j/wBQP4Fa0U9rPqKKoNim867ED/zR+AWPuFi51defGrk+CtiJ2s+o3UVI7A0x4z1h8auX96sGFYdFSwsgiGVjBZouTp3k8TzXtRVc5S4smgiIqgKiYPtXRUr6mKeoex/lkxtOHCwLhYMIuMmmn2K9rqkha70mg+IB+1Wi0uKIIin2tw6T0aynPdvWA+wlStPVRyC7HteO1rg4e5eOfAaOT06aB3jEw/BQGI7JeTuFThoZBM30oh1YahvNj2jQHscOCnzHwbXfw8PoNSXo9p6SWpkpA/LNG7KWPBYXaXvHf0h4KbVDwrYuF9LJLXxjyiZ75pJM9nQ3cXMDJAerkFtR2c127B4lUSyTRbw1NLHpFWPblc9wOrL/AIQDXr9yvOEabg+HH7Pvv7iy7oiLEkIiIAiIgCIiAIiIAiIgCIiAqXSVjktDRGSK2d72xBx+hmDiXDv00716dgTTfJ8Hk/oZete2beX85n/pZr3Xr2swVtfSSU50Lhdjvqvbq0+33XWn9hdpn4RVPp6gFsTn5ZW6kxvGmcDmO3tFjyXXjxLJhaj6Sd96K3TN8EqvnbTDRLufKos98vE5b3tbPbLe/euvbad78KqHwOzEwEhzDe7DbMWkcermXzrorbLsqzJtsiUqPq4FZVb6PDKcMpt7fNu9L8cmY5L/AJmVWRcclTa6FwiIoAREQFY212uiwuNpLc8j75IwbXtxc48mjT2qlYX0vvMgFRTsEZOroi4uaO2x9IexdfTdh8m+hqbEx7sxE8muDi4X7Lg/qrWbGFxDWgkk2DQLkk8ABzK9XZdlxTxJtXfgZyk0z6ngla9oe0gtcA4EcCCLgj1KI2q2hiw6ndNJqeEbL6yP5NHxPIKNbikeD4XB5S7rshYwMFi57w30W+HbwFlqOeorMermji5xs1ovkhjvqfAcSeJPqC5MGzb7bb81cWWlKi8bMy1e0Acat4ZSxyWMMIcwTu9LK91ySxotoON1syngZG0MY0Na0ANa0AAAcgBwXjwDCIqGnZTx+iwcebnHVzj3k3KkljlmpS83SPJFkERFmAiIgCIiAIiIAiIgCIiAIiIAtcdKOxhqmmsgbeZjfOMH4Vg5j+m0e0acgtjrBV8eSWOSlEhqz512W2zq8O6rCJIucD75deOU8WHw07lP020uAuk30mHPbJe5DS18d+Nw3O1vH+iqftIWmtqSzRvlM2W3C28dw7lGr3JYIT87g30de8y3mtD6Z2dxmCugE8F8hJbZzcpaW6EEKVWuOhGe9HMz6tST6nRs/cVf6yqjhYZJHtYxupc8hrR4krxM0NzI4rkzVao9CKPwvGKarBME0cuXjkcHW8RyUgqNVoyQiLBUA1bth0jOgqZqTyWKWNhDDvHE5jlBN22ta5t6lT4NtjA/PTUNHC/64jc5w/JJcLKI2pmMldVP7amb2CRwHuAUWvdx7NjUFpyV8ehi5Mk8SxKqxGcOkc6WRxDGNAtxOjWNGg1W8Ngtk2YbBrZ08gBlf9jGn6o95uVqbowgD8Vgv9HeP9bY3W99l9CLj2/JVYo6KrLQXMIiLzjQIiIAiIgCIiAIiIAiIgCIiAIiIAo3aHEBS0s05/BxOcO8gdUe2yklr3poxAx0LIQdZpRf8mPrH9bItMUN+aj1IbpGkySdSbk6k9pXbRwbyRkfDO9rL/lOA+K6l6cMflnid2Sxn2PBX0MuDMDZnQZNY1cR4+Zdb9I0/BenpxZMYaci+5D357XsHkN3Zd+uB3lUesq58Pra2ngu10sjoQW6ODXShzctuZbp+csUW0lfhsklOXh7WvcySGXzsZLTZ2h1HDkVw9jJ5u2jXJ110V/YvelHr6J45jicZjvla1+9I4ZC02DvF2Wy36TZaUoelJ8DcsVDTxi93CMlgPqDdPetq09SK+hEjOr5RT3b2tL2fAn3Ll21ZHNTlGlwLwqqRAzdJ2Gsm3Wd5AdlMrWXjB8b3I7wLK3xStc0PaQWkBwINwQRcEHmF83S7L1zJdwaaUvvlAaxxae8O9HL33st3Uc8eGYdHFUTRsfHThpzPAu4N4NvqddB4KNpwY4KO47bEW+Zogx77yib6vX9ck7W/Y4rwqfw2my4TUyn6VRTQj80Okd/6+xQC9eLttdHXgjEuHRM62Kxd7JR/wBsrfy+eujB+XFqfvMg9sT19CryvKH+32fNmsOAREXCXCIiAIiIAiIgCIiAIiIAiIgCIiAKh9KuzZrKfygSZTSxyvykdV7bAu1HB3V0V8UFtuCcNq7cfJZv2CtMUnGaaIfA+cWxOILg1xAtdwBIbfhc8liJ1nA9hB9hW1+iWhJw6skt86XMHeGRfvcVGdDOFQVPlJmijkDRBlD2B2XNvL2vw4D2L2ZbSlv6ei14mSjZdpNiIpMUGIl9xZrtzl4ytblD81+FrG1uIWmtrf8AOFV/apv/ACOX0qBZfN+LUbqiurcv4OSrmd+TE9xPwHrXHsORuTcnwVeJaaO7ZvCzUUmIOAu6KCJ4016sud1vzWlevC8RxCvhgw+lLmiBr3uc15ZfrOIL3jg0AgAcyrV0HQgtq3EXBMTfHR5I96s2M0NLhGHVT6eMR5mO5kkvf1Gi7iTYF2g4BaZto3ckobtu1XfSQS0s00dqcQLcvlc9v9q/7b3Vv6Pdh4cRj8sqZHv845u7BIJLbavf6RvflbxWtwFuboQqL0k8f1ajN6nRt+LSttr/AMeJvHp3UisdXqdXS1RRUuGwwwsbGzyltmtFh83Ib9571Qth8KZVSVAe0ODKGd7b8ngNDHDvBK2F04H70g/tP+FIoToXpM7qx1vwLI/7+cke4LnxS3dkcudv4ln6RVej19sUpD/rbe1jh8V9HL5t2FBbiVIOydg+C+klTyl/sXcTDgERF55cIiIAiIgCIiAIiIAiIgCIiAIiIAumqgbKx0bhdr2lrh2hwsR7F3IgInZ3A4qCmbTR3LW5us62ZxcSSTbxVR6KsIko5a6KRpblmja0kWDmjPlc08wQQr9U1DIml73NY1ouXOIa0DvJ0C5MeHAEEEEXBGoIPAhX7WVST9biRRzK0ts3QbyXG5LejFVRjxkfIT+wt0lRUeB07G1AYzL5SXOlIv1nOblJ14c9O8q2PJuKS618bDRSug1n3rUO7ZwPZG396ue1dDHUUc8cjA8bp7gD9ZrSWkd4IBUfsFsy7DKd8LpBIXSufmaCNC1rQCDz0VlkaCCDwIsfBTnyb2WU4vmEtKPmZuGA0BqwTcVIhLdMtjFnDu299FvTYXZunoYA+EvJnjje9z3Xv1SRYAAD0ivBH0fQMoqmjbIcs029Y4gXiIDcg09IC3doVasJpTDBFETcxxMYSOZY0NuPYttp2ntI1F6W9P45eJEY0ULpxH3pTn+s/wCE9dnQnRFlHLKR87NYd4jaB9pd7FM9I+AS4hSNihtnbOx4zGwtq1xv3B1/UpvAsMZR00dOzhGwNv8AWPFzj4m59ao8q/TLHzvwFedZpDZGjPy5HGPoVcvsjLz8F9Aqp4JsZFS1s9bnL3yueWNtYRh5u7n1iTz00Vrum1ZlkkmuSSEVRlFi6XXMWMoiIAiIgCIiAIiIAiIgCIiAKrYpjU8eK0tG3LupopXPu3rXY1xFjfTgOStKo2Of6Q4f/Z6j9h60xxUm0+j+DIZAYjt3Xx0W/but58oTU/zZsY2MzN0zel3qVxDbKe9U6IsyR4dDVRXbfrSW9I31GvBVahjD4KdrtQ7aCQHvBbYrx4ax8bMThfxgoTAO9sc5Dfdb3Lt7LG70Wj8N5f17Stss+K4vWYg6CljEFxQw10plYXNc+wcGhvCwNjrf3LoqekepbHh8wbG1k4eahuUnSOZrHFhv1dLnmuey5/yg3/cMP7LFXsCw4VUOHQH8JS4k0eJLsp9tlEYQrzlovnGT+SGptLZrF5amorY35csFQI48oscpZfrG+pUDVbR14dVPYYTHTTFrmua7MW5yBYgro6HKh8rKt7/SMsWbxEWU/Yo3EKSV4xGRsuWOOou+K2kg3jrXI107l522xeOVLl07j1/JOLHlm1NL1eOvGSVd7uk+XNosjsZr6ipMVM6FjfJ4phvWk2ztYSLj8rsTEsTxFtQymY6HN5JvXlzHFpcC4OykHThoo6lo3VeIO3cklPeiheDEbENLI7N8NfcvVjtPO/FY2QyNa/yIAueM3VzSA6dq596VXrxOlYsW/GNQX+O9U9HS1k1x9lnZgu1U1TPSM6rWysl3gsb5o83om+g0Gi80201WYGuY6MSOr3UwJZ1cuUZbi/G54pRYS2ixGghDs2WKYl3C7nCQnRQ27z0rGglubFngEcRdrRcHtCjelVN/lI3js+zSmpQit101a5b2Tin/AAl30TdTtRWRQVbX7rfU0kQztaSxwkcG+iT/APXU7tRi01Nh/lDMu8tF6QuOuWg6X7yqRjERp48Rpi7PrTyb13zjiZY9HHna6tO3J/yQfCD7WqYzluyt8F9TKezYe1w1FVKa9qccb4PgnbdcrPJW4/XSSStgdExtNBHLJnaSXksDyB2c13Y/tPNHSU80QaJJhmIILhZsZc+w04FeXAKgRVddK4XDKWB5A4kNgaSBddGPYvFNPTSFkm7NHK7K1uZw3wdGLgeBRyai3vfl/QiOCHawj2ScYxTvrePep9bfPktOB69oNrKiGmo5mZfPMzSAtv6IaSBrp9JSlDjj3T1YJbuoYY5Y9NbPjLzc81UKECohw6F/87UQu8NPg4LowWqfFT4jnNntgjg9hMKqssru/wA3bNpeT8TxuCit5Nq+euXdT9iTXcy27C7Qz1bpWz2zNEbm2bl6rr8dTf6PtVxC1zslWs+UGtYHNDqJkZD2lhL4w25APEWadVsYcFthbcNXZ5XlPHGG0PdjuppNLppT8UzKIi1OAIiIAiIgCIiAIiIAoHaTZenxDIZM7Xx3ySxPLHtDuIv2GwU8imMnF2nqCuw7IUjIoImtcG00wmjs43MmvWefpXuqxtHDSw1FWTFc1I3Uvn8jnBsTJXFjMptplF78eNrrZK80lHE45nMYSbalrSdOGpHJWjkadt3/AHZFGqZm01dFG40zmGCJsIcKh7HGNkTC5jiGdazi9uo5X52UtM+Giko3Cn/k9PHlcHvY1gqHObJmDm6uytc4Am5PrKv4w+EcI2D8xvPjyQUMIGURssBa2VtrWIta3Cznf3j2rR5r01rpb5/2xRQtm8UgpTOYocplbNUvBlJ67AHNa1paCGkF/wDdFrggr0TSU/35HlFpavJITMGgjdvkL75eoczJGhvOw11V08hh1G7ZqLHqN1Fstjp2EjwKMoIgABGwAWsAxoAsSRYW5EkjxKzlKEnbReE5w9F19tV7nqatfU088jS6F7DuWAPFQQ3JGAw3OS/VblJ05k8AVN0lVupmS7oZoo/JgTM89QSZb2LNTqTcq7/J0FgN1HYagZG6a37O1cn0MTgQY2EEEEFrSDfjfTVQ1iu1E0ltOeUd1zbXfy6GvMZxeKtbA6SMNccxa6OYCRjQes09XQnKbDw715pZ6d9FTN8ncGZpXholIeJG2aTo057lx7OAstl+QQ/zbON/Qbx014cdB7AuLsOgIAMUZABABY3QHQgacDpdS1ifqeIjtOaMVFTdLVK3o/y/ea/rYaan3lMYHZJZYGSTGR2YuytkAzOZyv6I10N7XC8UTItxl3JyzblpDqh4IJllt6Ud2gGG/bYraHkcVrZGW7MotoABy7AB6lxfh0BFjFGR2FjSOfK3efaVVRxL1EW/V7R/0lxvi+PXwXuRrjEJIKiMVQgkuXiIsilILo2RPd1+oRezNeAta5Uph9c0O38UbWubekymQlm7i3dsvVva5HjbvV2bSRjgxo1J0aOJFifG2i4Mw6BpuIowbAXDGg2HAcESx3e7qUltGaUdxzdcK5FAwiaEywER28+6Vo39y1z3RRklmXhfKQL8Gu5q0T7JUzzKTn889r5AHWBLXFwtpoLklTDaGIG4jYCDcENaCCBa97cbaL1KJKD4RLfqs93vu+99b+OveRlTg0UlRHUHNnia5rbHSzuNxzUkFlFFGTk2km+Gi/hcfmwiIpKhERAEREAREQBERAEREAREQBERAEWLpdAZRYul0BlFi6XQGUWLpdAZRYul0BlFi6XQGUWLpdAZRYul0BlERAEREBwXWURAdblwREAXAoisgZQIiMGQhRFUAoiIXQXJEQk4lYREIZhZREDAXJZRAjgiIgYWQiIQcwshEQsdjV2hEQzOSIiA/9k=",Giulio Talamonti,Oscar Barrientos,Derecha,"El plan de gobierno, en el cual sus ejes de trabajo son salud, educación, seguridad, economía e infraestructura, también buscan la transparencia y combatir la corrupción y fortalecer la seguridad pública y ciudadana; también se buscará generar condiciones para mejorar la infraestructura del país, ello incluye, escuelas y hospitales. Además, se debe buscar a través de la inversión privada y extranjera recursos para lidiar con la falta de empleo y oportunidades en Guatemala. Por último, promover la protección al medio ambiente y fundamental cuidado de los recursos hídricos del país."
24,VAMOS,Vamos por una Guatemala diferente,https://upload.wikimedia.org/wikipedia/commons/thumb/e/e0/Vamos_por_una_Guatemala_Diferente_Logo.svg/1200px-Vamos_por_una_Guatemala_Diferente_Logo.svg.png,Manuel Conde,Luis Suárez,Derecha,"El plan de gobierno se centra en la reducción de la pobreza en 12 puntos porcentuales, es decir, reducir de un 52.4 a un 40.4 %, lo que, según ellos, se logrará con la creación de 1.2 millones de empleo. Se incrementará la cobertura de los programas sociales y la productividad a través de una infraestructura productiva. Mejorar el acceso a la justicia, la educación, la salud y la seguridad; además, el fortalecimiento del trabajo en beneficio de los migrantes desde el Ministerio de Relaciones Exteriores. Además, se busca mejorar la red vial del país, caminos rurales, puertos y aeropuertos. Se pretende la ampliación de los puertos Quetzal y Santo Tomás de Castilla, así como un nuevo aeropuerto internacional. Propone un gobierno municipalista para ponerle atención a problemas en los que los alcaldes necesitan apoyo, como el ordenamiento de la ciudad por el tránsito vehicular."
25,VICTORIA,Victoria,https://upload.wikimedia.org/wikipedia/commons/b/bb/Victoria_Logo.svg,Amílcar Rivera,Fernando Mazariegos,Derecha,"El PLAN VICTORIA se ha diseñado para responder en siete áreas estratégicas (Seguridad Total, Plan Prevención del Delito, Plan de Educación, Plan de Economía, Plan de Desarrollo Social, Plan para Migrantes, Plan para Personas en Situación de Discapacidad y Plan Salud Integral), que puedan reactivar el mecanismo de rescate, aunque no sea de inmediato, que puedan corregir el rumbo del país y las decisiones se integren en un plan de nación que ofrezca soluciones a las necesidades de la población de todos los estratos sociales, de cara a fortalecer la economía y garantizar su resiliencia. Este centra sus esfuerzos en acciones efectivas que ofrezcan soluciones, trabajo directo que permita cambios a corto plaz"
26,VIVA,Visión con Valores,https://upload.wikimedia.org/wikipedia/commons/thumb/0/01/VIVA_Logo.svg/1200px-VIVA_Logo.svg.png,Armando Castillo,Édgar Grisolia,Derecha,"El plan de gobierno tiene 4 grandes temas que son: Primer eje: Seguridad y Justicia: Rediseño del Sistema Penitenciario, Regulación de Empresas de Seguridad Privada, Fortalecimiento de la Policía Nacional Civil, Regulación de Armas y Municiones Ilegales, Prevención de la Violencia y el Delito, Gran Pacto Nacional por la Seguridad y la Justicia. Segundo Eje: Desarrollo Social: Salud, Educación, Empleo, entre otros. Tercer Eje: Desarrollo Económico: Coordinación con Entidades Autónomas, Coordinación con INGUAT y Municipalidades, Corredores Turísticos, MIPYMES. Cuarto Eje: Fortalecimiento Institucional: Institucionalidad Agrícola: Ley del Agricultor, MAGA, Programa de Agricultura Familiar, Sistema Nacional de Extensión Rural, INDECA, Ministerio de Tecnología e Información, Instituto de Compras y Adquisiciones estatales, Ministerio de la Familia, Simplificación de las Instituciones del Estado. Tres grandes reformas para La Revolución del Trabajo: Reforma 1: Empleo Joven. Reforma 2: De Familias Productoras a Familias Empresarias. Reforma 3: 4 Corredores Turísticos."
27,VOS,"Voluntad, Oprtunidad y Solidaridad",https://vos.gt/images/logo_vos.gif,Manuel Ricardo Villacorta Orantes,Jorge Mario García España,Centroizquierda,"La visión política del partido es tener al centro de sus acciones a la ciudadanía guatemalteca. El ser humano al centro de cualquier acción. Esto a través de la Voluntad para cambiar las cosas que deben transformarse para generar una Guatemala mejor; la Oportunidad abierta para potenciar el emprendimiento, la generación de empleos y el sano desarrollo de la niñez y la juventud y la Solidaridad para vencer juntos la desnutrición y la pobreza, así como para dignificar a los guatemaltecos residentes en el país o migrantes en otros países."
28,COALICIÓN WINAQ-URGN,Movimiento Político WINAQ,https://upload.wikimedia.org/wikipedia/commons/thumb/3/37/Winaq_Logo.svg/1200px-Winaq_Logo.svg.png,Amílcar Pop,Mónica Enríquez,Izquierda,"Este movimiento establece que el primer punto de su plan de gobierno será la reactivación económica, como segundo punto busca iniciar un proceso de transparencia de la recaudación tributaria. También se debe atender los problemas en seguridad, educación, salud y vivienda. Reestructurar el Estado, reformar el sistema de salud y educación y fortalecer el tema de institucionalidad, entre otras."